Words,Label
a+,0
abound,0
abounds,0
abundance,0
abundant,0
accessable,0
accessible,0
acclaim,0
acclaimed,0
acclamation,0
accolade,0
accolades,0
accommodative,0
accomodative,0
accomplish,0
accomplished,0
accomplishment,0
accomplishments,0
accurate,0
accurately,0
achievable,0
achievement,0
achievements,0
achievible,0
acumen,0
adaptable,0
adaptive,0
adequate,0
adjustable,0
admirable,0
admirably,0
admiration,0
admire,0
admirer,0
admiring,0
admiringly,0
adorable,0
adore,0
adored,0
adorer,0
adoring,0
adoringly,0
adroit,0
adroitly,0
adulate,0
adulation,0
adulatory,0
advanced,0
advantage,0
advantageous,0
advantageously,0
advantages,0
adventuresome,0
adventurous,0
advocate,0
advocated,0
advocates,0
affability,0
affable,0
affably,0
affectation,0
affection,0
affectionate,0
affinity,0
affirm,0
affirmation,0
affirmative,0
affluence,0
affluent,0
afford,0
affordable,0
affordably,0
afordable,0
agile,0
agilely,0
agility,0
agreeable,0
agreeableness,0
agreeably,0
all-around,0
alluring,0
alluringly,0
altruistic,0
altruistically,0
amaze,0
amazed,0
amazement,0
amazes,0
amazing,0
amazingly,0
ambitious,0
ambitiously,0
ameliorate,0
amenable,0
amenity,0
amiability,0
amiabily,0
amiable,0
amicability,0
amicable,0
amicably,0
amity,0
ample,0
amply,0
amuse,0
amusing,0
amusingly,0
angel,0
angelic,0
apotheosis,0
appeal,0
appealing,0
applaud,0
appreciable,0
appreciate,0
appreciated,0
appreciates,0
appreciative,0
appreciatively,0
appropriate,0
approval,0
approve,0
ardent,0
ardently,0
ardor,0
articulate,0
aspiration,0
aspirations,0
aspire,0
assurance,0
assurances,0
assure,0
assuredly,0
assuring,0
astonish,0
astonished,0
astonishing,0
astonishingly,0
astonishment,0
astound,0
astounded,0
astounding,0
astoundingly,0
astutely,0
attentive,0
attraction,0
attractive,0
attractively,0
attune,0
audible,0
audibly,0
auspicious,0
authentic,0
authoritative,0
autonomous,0
available,0
aver,0
avid,0
avidly,0
award,0
awarded,0
awards,0
awe,0
awed,0
awesome,0
awesomely,0
awesomeness,0
awestruck,0
awsome,0
backbone,0
balanced,0
bargain,0
beauteous,0
beautiful,0
beautifullly,0
beautifully,0
beautify,0
beauty,0
beckon,0
beckoned,0
beckoning,0
beckons,0
believable,0
believeable,0
beloved,0
benefactor,0
beneficent,0
beneficial,0
beneficially,0
beneficiary,0
benefit,0
benefits,0
benevolence,0
benevolent,0
benifits,0
best,0
best-known,0
best-performing,0
best-selling,0
better,0
better-known,0
better-than-expected,0
beutifully,0
blameless,0
bless,0
blessing,0
bliss,0
blissful,0
blissfully,0
blithe,0
blockbuster,0
bloom,0
blossom,0
bolster,0
bonny,0
bonus,0
bonuses,0
boom,0
booming,0
boost,0
boundless,0
bountiful,0
brainiest,0
brainy,0
brand-new,0
brave,0
bravery,0
bravo,0
breakthrough,0
breakthroughs,0
breathlessness,0
breathtaking,0
breathtakingly,0
breeze,0
bright,0
brighten,0
brighter,0
brightest,0
brilliance,0
brilliances,0
brilliant,0
brilliantly,0
brisk,0
brotherly,0
bullish,0
buoyant,0
cajole,0
calm,0
calming,0
calmness,0
capability,0
capable,0
capably,0
captivate,0
captivating,0
carefree,0
cashback,0
cashbacks,0
catchy,0
celebrate,0
celebrated,0
celebration,0
celebratory,0
champ,0
champion,0
charisma,0
charismatic,0
charitable,0
charm,0
charming,0
charmingly,0
chaste,0
cheaper,0
cheapest,0
cheer,0
cheerful,0
cheery,0
cherish,0
cherished,0
cherub,0
chic,0
chivalrous,0
chivalry,0
civility,0
civilize,0
clarity,0
classic,0
classy,0
clean,0
cleaner,0
cleanest,0
cleanliness,0
cleanly,0
clear,0
clear-cut,0
cleared,0
clearer,0
clearly,0
clears,0
clever,0
cleverly,0
cohere,0
coherence,0
coherent,0
cohesive,0
colorful,0
comely,0
comfort,0
comfortable,0
comfortably,0
comforting,0
comfy,0
commend,0
commendable,0
commendably,0
commitment,0
commodious,0
compact,0
compactly,0
compassion,0
compassionate,0
compatible,0
competitive,0
complement,0
complementary,0
complemented,0
complements,0
compliant,0
compliment,0
complimentary,0
comprehensive,0
conciliate,0
conciliatory,0
concise,0
confidence,0
confident,0
congenial,0
congratulate,0
congratulation,0
congratulations,0
congratulatory,0
conscientious,0
considerate,0
consistent,0
consistently,0
constructive,0
consummate,0
contentment,0
continuity,0
contrasty,0
contribution,0
convenience,0
convenient,0
conveniently,0
convience,0
convienient,0
convient,0
convincing,0
convincingly,0
cool,0
coolest,0
cooperative,0
cooperatively,0
cornerstone,0
correct,0
correctly,0
cost-effective,0
cost-saving,0
counter-attack,0
counter-attacks,0
courage,0
courageous,0
courageously,0
courageousness,0
courteous,0
courtly,0
covenant,0
cozy,0
creative,0
credence,0
credible,0
crisp,0
crisper,0
cure,0
cure-all,0
cushy,0
cute,0
cuteness,0
danke,0
danken,0
daring,0
daringly,0
darling,0
dashing,0
dauntless,0
dawn,0
dazzle,0
dazzled,0
dazzling,0
dead-cheap,0
dead-on,0
decency,0
decent,0
decisive,0
decisiveness,0
dedicated,0
defeat,0
defeated,0
defeating,0
defeats,0
defender,0
deference,0
deft,0
deginified,0
delectable,0
delicacy,0
delicate,0
delicious,0
delight,0
delighted,0
delightful,0
delightfully,0
delightfulness,0
dependable,0
dependably,0
deservedly,0
deserving,0
desirable,0
desiring,0
desirous,0
destiny,0
detachable,0
devout,0
dexterous,0
dexterously,0
dextrous,0
dignified,0
dignify,0
dignity,0
diligence,0
diligent,0
diligently,0
diplomatic,0
dirt-cheap,0
distinction,0
distinctive,0
distinguished,0
diversified,0
divine,0
divinely,0
dominate,0
dominated,0
dominates,0
dote,0
dotingly,0
doubtless,0
dreamland,0
dumbfounded,0
dumbfounding,0
dummy-proof,0
durable,0
dynamic,0
eager,0
eagerly,0
eagerness,0
earnest,0
earnestly,0
earnestness,0
ease,0
eased,0
eases,0
easier,0
easiest,0
easiness,0
easing,0
easy,0
easy-to-use,0
easygoing,0
ebullience,0
ebullient,0
ebulliently,0
ecenomical,0
economical,0
ecstasies,0
ecstasy,0
ecstatic,0
ecstatically,0
edify,0
educated,0
effective,0
effectively,0
effectiveness,0
effectual,0
efficacious,0
efficient,0
efficiently,0
effortless,0
effortlessly,0
effusion,0
effusive,0
effusively,0
effusiveness,0
elan,0
elate,0
elated,0
elatedly,0
elation,0
electrify,0
elegance,0
elegant,0
elegantly,0
elevate,0
elite,0
eloquence,0
eloquent,0
eloquently,0
embolden,0
eminence,0
eminent,0
empathize,0
empathy,0
empower,0
empowerment,0
enchant,0
enchanted,0
enchanting,0
enchantingly,0
encourage,0
encouragement,0
encouraging,0
encouragingly,0
endear,0
endearing,0
endorse,0
endorsed,0
endorsement,0
endorses,0
endorsing,0
energetic,0
energize,0
energy-efficient,0
energy-saving,0
engaging,0
engrossing,0
enhance,0
enhanced,0
enhancement,0
enhances,0
enjoy,0
enjoyable,0
enjoyably,0
enjoyed,0
enjoying,0
enjoyment,0
enjoys,0
enlighten,0
enlightenment,0
enliven,0
ennoble,0
enough,0
enrapt,0
enrapture,0
enraptured,0
enrich,0
enrichment,0
enterprising,0
entertain,0
entertaining,0
entertains,0
enthral,0
enthrall,0
enthralled,0
enthuse,0
enthusiasm,0
enthusiast,0
enthusiastic,0
enthusiastically,0
entice,0
enticed,0
enticing,0
enticingly,0
entranced,0
entrancing,0
entrust,0
enviable,0
enviably,0
envious,0
enviously,0
enviousness,0
envy,0
equitable,0
ergonomical,0
err-free,0
erudite,0
ethical,0
eulogize,0
euphoria,0
euphoric,0
euphorically,0
evaluative,0
evenly,0
eventful,0
everlasting,0
evocative,0
exalt,0
exaltation,0
exalted,0
exaltedly,0
exalting,0
exaltingly,0
examplar,0
examplary,0
excallent,0
exceed,0
exceeded,0
exceeding,0
exceedingly,0
exceeds,0
excel,0
exceled,0
excelent,0
excellant,0
excelled,0
excellence,0
excellency,0
excellent,0
excellently,0
excels,0
exceptional,0
exceptionally,0
excite,0
excited,0
excitedly,0
excitedness,0
excitement,0
excites,0
exciting,0
excitingly,0
exellent,0
exemplar,0
exemplary,0
exhilarate,0
exhilarating,0
exhilaratingly,0
exhilaration,0
exonerate,0
expansive,0
expeditiously,0
expertly,0
exquisite,0
exquisitely,0
extol,0
extoll,0
extraordinarily,0
extraordinary,0
exuberance,0
exuberant,0
exuberantly,0
exult,0
exultant,0
exultation,0
exultingly,0
eye-catch,0
eye-catching,0
eyecatch,0
eyecatching,0
fabulous,0
fabulously,0
facilitate,0
fair,0
fairly,0
fairness,0
faith,0
faithful,0
faithfully,0
faithfulness,0
fame,0
famed,0
famous,0
famously,0
fancier,0
fancinating,0
fancy,0
fanfare,0
fans,0
fantastic,0
fantastically,0
fascinate,0
fascinating,0
fascinatingly,0
fascination,0
fashionable,0
fashionably,0
fast,0
fast-growing,0
fast-paced,0
faster,0
fastest,0
fastest-growing,0
faultless,0
fav,0
fave,0
favor,0
favorable,0
favored,0
favorite,0
favorited,0
favour,0
fearless,0
fearlessly,0
feasible,0
feasibly,0
feat,0
feature-rich,0
fecilitous,0
feisty,0
felicitate,0
felicitous,0
felicity,0
fertile,0
fervent,0
fervently,0
fervid,0
fervidly,0
fervor,0
festive,0
fidelity,0
fiery,0
fine,0
fine-looking,0
finely,0
finer,0
finest,0
firmer,0
first-class,0
first-in-class,0
first-rate,0
flashy,0
flatter,0
flattering,0
flatteringly,0
flawless,0
flawlessly,0
flexibility,0
flexible,0
flourish,0
flourishing,0
fluent,0
flutter,0
fond,0
fondly,0
fondness,0
foolproof,0
foremost,0
foresight,0
formidable,0
fortitude,0
fortuitous,0
fortuitously,0
fortunate,0
fortunately,0
fortune,0
fragrant,0
free,0
freed,0
freedom,0
freedoms,0
fresh,0
fresher,0
freshest,0
friendliness,0
friendly,0
frolic,0
frugal,0
fruitful,0
ftw,0
fulfillment,0
fun,0
futurestic,0
futuristic,0
gaiety,0
gaily,0
gain,0
gained,0
gainful,0
gainfully,0
gaining,0
gains,0
gallant,0
gallantly,0
galore,0
geekier,0
geeky,0
gem,0
gems,0
generosity,0
generous,0
generously,0
genial,0
genius,0
gentle,0
gentlest,0
genuine,0
gifted,0
glad,0
gladden,0
gladly,0
gladness,0
glamorous,0
glee,0
gleeful,0
gleefully,0
glimmer,0
glimmering,0
glisten,0
glistening,0
glitter,0
glitz,0
glorify,0
glorious,0
gloriously,0
glory,0
glow,0
glowing,0
glowingly,0
god-given,0
god-send,0
godlike,0
godsend,0
gold,0
golden,0
good,0
goodly,0
goodness,0
goodwill,0
goood,0
gooood,0
gorgeous,0
gorgeously,0
grace,0
graceful,0
gracefully,0
gracious,0
graciously,0
graciousness,0
grand,0
grandeur,0
grateful,0
gratefully,0
gratification,0
gratified,0
gratifies,0
gratify,0
gratifying,0
gratifyingly,0
gratitude,0
great,0
greatest,0
greatness,0
grin,0
groundbreaking,0
guarantee,0
guidance,0
guiltless,0
gumption,0
gush,0
gusto,0
gutsy,0
hail,0
halcyon,0
hale,0
hallmark,0
hallmarks,0
hallowed,0
handier,0
handily,0
hands-down,0
handsome,0
handsomely,0
handy,0
happier,0
happily,0
happiness,0
happy,0
hard-working,0
hardier,0
hardy,0
harmless,0
harmonious,0
harmoniously,0
harmonize,0
harmony,0
headway,0
heal,0
healthful,0
healthy,0
hearten,0
heartening,0
heartfelt,0
heartily,0
heartwarming,0
heaven,0
heavenly,0
helped,0
helpful,0
helping,0
hero,0
heroic,0
heroically,0
heroine,0
heroize,0
heros,0
high-quality,0
high-spirited,0
hilarious,0
holy,0
homage,0
honest,0
honesty,0
honor,0
honorable,0
honored,0
honoring,0
hooray,0
hopeful,0
hospitable,0
hot,0
hotcake,0
hotcakes,0
hottest,0
hug,0
humane,0
humble,0
humility,0
humor,0
humorous,0
humorously,0
humour,0
humourous,0
ideal,0
idealize,0
ideally,0
idol,0
idolize,0
idolized,0
idyllic,0
illuminate,0
illuminati,0
illuminating,0
illumine,0
illustrious,0
ilu,0
imaculate,0
imaginative,0
immaculate,0
immaculately,0
immense,0
impartial,0
impartiality,0
impartially,0
impassioned,0
impeccable,0
impeccably,0
important,0
impress,0
impressed,0
impresses,0
impressive,0
impressively,0
impressiveness,0
improve,0
improved,0
improvement,0
improvements,0
improves,0
improving,0
incredible,0
incredibly,0
indebted,0
individualized,0
indulgence,0
indulgent,0
industrious,0
inestimable,0
inestimably,0
inexpensive,0
infallibility,0
infallible,0
infallibly,0
influential,0
ingenious,0
ingeniously,0
ingenuity,0
ingenuous,0
ingenuously,0
innocuous,0
innovation,0
innovative,0
inpressed,0
insightful,0
insightfully,0
inspiration,0
inspirational,0
inspire,0
inspiring,0
instantly,0
instructive,0
instrumental,0
integral,0
integrated,0
intelligence,0
intelligent,0
intelligible,0
interesting,0
interests,0
intimacy,0
intimate,0
intricate,0
intrigue,0
intriguing,0
intriguingly,0
intuitive,0
invaluable,0
invaluablely,0
inventive,0
invigorate,0
invigorating,0
invincibility,0
invincible,0
inviolable,0
inviolate,0
invulnerable,0
irreplaceable,0
irreproachable,0
irresistible,0
irresistibly,0
issue-free,0
jaw-droping,0
jaw-dropping,0
jollify,0
jolly,0
jovial,0
joy,0
joyful,0
joyfully,0
joyous,0
joyously,0
jubilant,0
jubilantly,0
jubilate,0
jubilation,0
jubiliant,0
judicious,0
justly,0
keen,0
keenly,0
keenness,0
kid-friendly,0
kindliness,0
kindly,0
kindness,0
knowledgeable,0
kudos,0
large-capacity,0
laud,0
laudable,0
laudably,0
lavish,0
lavishly,0
law-abiding,0
lawful,0
lawfully,0
lead,0
leading,0
leads,0
lean,0
led,0
legendary,0
leverage,0
levity,0
liberate,0
liberation,0
liberty,0
lifesaver,0
light-hearted,0
lighter,0
likable,0
like,0
liked,0
likes,0
liking,0
lionhearted,0
lively,0
logical,0
long-lasting,0
lovable,0
lovably,0
love,0
loved,0
loveliness,0
lovely,0
lover,0
loves,0
loving,0
low-cost,0
low-price,0
low-priced,0
low-risk,0
lower-priced,0
loyal,0
loyalty,0
lucid,0
lucidly,0
luck,0
luckier,0
luckiest,0
luckiness,0
lucky,0
lucrative,0
luminous,0
lush,0
luster,0
lustrous,0
luxuriant,0
luxuriate,0
luxurious,0
luxuriously,0
luxury,0
lyrical,0
magic,0
magical,0
magnanimous,0
magnanimously,0
magnificence,0
magnificent,0
magnificently,0
majestic,0
majesty,0
manageable,0
maneuverable,0
marvel,0
marveled,0
marvelled,0
marvellous,0
marvelous,0
marvelously,0
marvelousness,0
marvels,0
master,0
masterful,0
masterfully,0
masterpiece,0
masterpieces,0
masters,0
mastery,0
matchless,0
mature,0
maturely,0
maturity,0
meaningful,0
memorable,0
merciful,0
mercifully,0
mercy,0
merit,0
meritorious,0
merrily,0
merriment,0
merriness,0
merry,0
mesmerize,0
mesmerized,0
mesmerizes,0
mesmerizing,0
mesmerizingly,0
meticulous,0
meticulously,0
mightily,0
mighty,0
mind-blowing,0
miracle,0
miracles,0
miraculous,0
miraculously,0
miraculousness,0
modern,0
modest,0
modesty,0
momentous,0
monumental,0
monumentally,0
morality,0
motivated,0
multi-purpose,0
navigable,0
neat,0
neatest,0
neatly,0
nice,0
nicely,0
nicer,0
nicest,0
nifty,0
nimble,0
noble,0
nobly,0
noiseless,0
non-violence,0
non-violent,0
notably,0
noteworthy,0
nourish,0
nourishing,0
nourishment,0
novelty,0
nurturing,0
oasis,0
obsession,0
obsessions,0
obtainable,0
openly,0
openness,0
optimal,0
optimism,0
optimistic,0
opulent,0
orderly,0
originality,0
outdo,0
outdone,0
outperform,0
outperformed,0
outperforming,0
outperforms,0
outshine,0
outshone,0
outsmart,0
outstanding,0
outstandingly,0
outstrip,0
outwit,0
ovation,0
overjoyed,0
overtake,0
overtaken,0
overtakes,0
overtaking,0
overtook,0
overture,0
pain-free,0
painless,0
painlessly,0
palatial,0
pamper,0
pampered,0
pamperedly,0
pamperedness,0
pampers,0
panoramic,0
paradise,0
paramount,0
pardon,0
passion,0
passionate,0
passionately,0
patience,0
patient,0
patiently,0
patriot,0
patriotic,0
peace,0
peaceable,0
peaceful,0
peacefully,0
peacekeepers,0
peach,0
peerless,0
pep,0
pepped,0
pepping,0
peppy,0
peps,0
perfect,0
perfection,0
perfectly,0
permissible,0
perseverance,0
persevere,0
personages,0
personalized,0
phenomenal,0
phenomenally,0
picturesque,0
piety,0
pinnacle,0
playful,0
playfully,0
pleasant,0
pleasantly,0
pleased,0
pleases,0
pleasing,0
pleasingly,0
pleasurable,0
pleasurably,0
pleasure,0
plentiful,0
pluses,0
plush,0
plusses,0
poetic,0
poeticize,0
poignant,0
poise,0
poised,0
polished,0
polite,0
politeness,0
popular,0
portable,0
posh,0
positive,0
positively,0
positives,0
powerful,0
powerfully,0
praise,0
praiseworthy,0
praising,0
pre-eminent,0
precious,0
precise,0
precisely,0
preeminent,0
prefer,0
preferable,0
preferably,0
prefered,0
preferes,0
preferring,0
prefers,0
premier,0
prestige,0
prestigious,0
prettily,0
pretty,0
priceless,0
pride,0
principled,0
privilege,0
privileged,0
prize,0
proactive,0
problem-free,0
problem-solver,0
prodigious,0
prodigiously,0
prodigy,0
productive,0
productively,0
proficient,0
proficiently,0
profound,0
profoundly,0
profuse,0
profusion,0
progress,0
progressive,0
prolific,0
prominence,0
prominent,0
promise,0
promised,0
promises,0
promising,0
promoter,0
prompt,0
promptly,0
proper,0
properly,0
propitious,0
propitiously,0
pros,0
prosper,0
prosperity,0
prosperous,0
prospros,0
protect,0
protection,0
protective,0
proud,0
proven,0
proves,0
providence,0
proving,0
prowess,0
prudence,0
prudent,0
prudently,0
punctual,0
pure,0
purify,0
purposeful,0
quaint,0
qualified,0
qualify,0
quicker,0
quiet,0
quieter,0
radiance,0
radiant,0
rapid,0
rapport,0
rapt,0
rapture,0
raptureous,0
raptureously,0
rapturous,0
rapturously,0
rational,0
razor-sharp,0
reachable,0
readable,0
readily,0
ready,0
reaffirm,0
reaffirmation,0
realistic,0
realizable,0
reasonable,0
reasonably,0
reasoned,0
reassurance,0
reassure,0
receptive,0
reclaim,0
recomend,0
recommend,0
recommendation,0
recommendations,0
recommended,0
reconcile,0
reconciliation,0
record-setting,0
recover,0
recovery,0
rectification,0
rectify,0
rectifying,0
redeem,0
redeeming,0
redemption,0
refine,0
refined,0
refinement,0
reform,0
reformed,0
reforming,0
reforms,0
refresh,0
refreshed,0
refreshing,0
refund,0
refunded,0
regal,0
regally,0
regard,0
rejoice,0
rejoicing,0
rejoicingly,0
rejuvenate,0
rejuvenated,0
rejuvenating,0
relaxed,0
relent,0
reliable,0
reliably,0
relief,0
relish,0
remarkable,0
remarkably,0
remedy,0
remission,0
remunerate,0
renaissance,0
renewed,0
renown,0
renowned,0
replaceable,0
reputable,0
reputation,0
resilient,0
resolute,0
resound,0
resounding,0
resourceful,0
resourcefulness,0
respect,0
respectable,0
respectful,0
respectfully,0
respite,0
resplendent,0
responsibly,0
responsive,0
restful,0
restored,0
restructure,0
restructured,0
restructuring,0
retractable,0
revel,0
revelation,0
revere,0
reverence,0
reverent,0
reverently,0
revitalize,0
revival,0
revive,0
revives,0
revolutionary,0
revolutionize,0
revolutionized,0
revolutionizes,0
reward,0
rewarding,0
rewardingly,0
rich,0
richer,0
richly,0
richness,0
right,0
righten,0
righteous,0
righteously,0
righteousness,0
rightful,0
rightfully,0
rightly,0
rightness,0
risk-free,0
robust,0
rock-star,0
rock-stars,0
rockstar,0
rockstars,0
romantic,0
romantically,0
romanticize,0
roomier,0
roomy,0
rosy,0
safe,0
safely,0
sagacity,0
sagely,0
saint,0
saintliness,0
saintly,0
salutary,0
salute,0
sane,0
satisfactorily,0
satisfactory,0
satisfied,0
satisfies,0
satisfy,0
satisfying,0
satisified,0
saver,0
savings,0
savior,0
savvy,0
scenic,0
seamless,0
seasoned,0
secure,0
securely,0
selective,0
self-determination,0
self-respect,0
self-satisfaction,0
self-sufficiency,0
self-sufficient,0
sensation,0
sensational,0
sensationally,0
sensations,0
sensible,0
sensibly,0
sensitive,0
serene,0
serenity,0
sexy,0
sharp,0
sharper,0
sharpest,0
shimmering,0
shimmeringly,0
shine,0
shiny,0
significant,0
silent,0
simpler,0
simplest,0
simplified,0
simplifies,0
simplify,0
simplifying,0
sincere,0
sincerely,0
sincerity,0
skill,0
skilled,0
skillful,0
skillfully,0
slammin,0
sleek,0
slick,0
smart,0
smarter,0
smartest,0
smartly,0
smile,0
smiles,0
smiling,0
smilingly,0
smitten,0
smooth,0
smoother,0
smoothes,0
smoothest,0
smoothly,0
snappy,0
snazzy,0
sociable,0
soft,0
softer,0
solace,0
solicitous,0
solicitously,0
solid,0
solidarity,0
soothe,0
soothingly,0
sophisticated,0
soulful,0
soundly,0
soundness,0
spacious,0
sparkle,0
sparkling,0
spectacular,0
spectacularly,0
speedily,0
speedy,0
spellbind,0
spellbinding,0
spellbindingly,0
spellbound,0
spirited,0
spiritual,0
splendid,0
splendidly,0
splendor,0
spontaneous,0
sporty,0
spotless,0
sprightly,0
stability,0
stabilize,0
stable,0
stainless,0
standout,0
state-of-the-art,0
stately,0
statuesque,0
staunch,0
staunchly,0
staunchness,0
steadfast,0
steadfastly,0
steadfastness,0
steadiest,0
steadiness,0
steady,0
stellar,0
stellarly,0
stimulate,0
stimulates,0
stimulating,0
stimulative,0
stirringly,0
straighten,0
straightforward,0
streamlined,0
striking,0
strikingly,0
striving,0
strong,0
stronger,0
strongest,0
stunned,0
stunning,0
stunningly,0
stupendous,0
stupendously,0
sturdier,0
sturdy,0
stylish,0
stylishly,0
stylized,0
suave,0
suavely,0
sublime,0
subsidize,0
subsidized,0
subsidizes,0
subsidizing,0
substantive,0
succeed,0
succeeded,0
succeeding,0
succeeds,0
succes,0
success,0
successes,0
successful,0
successfully,0
suffice,0
sufficed,0
suffices,0
sufficient,0
sufficiently,0
suitable,0
sumptuous,0
sumptuously,0
sumptuousness,0
super,0
superb,0
superbly,0
superior,0
superiority,0
supple,0
support,0
supported,0
supporter,0
supporting,0
supportive,0
supports,0
supremacy,0
supreme,0
supremely,0
supurb,0
supurbly,0
surmount,0
surpass,0
surreal,0
survival,0
survivor,0
sustainability,0
sustainable,0
swank,0
swankier,0
swankiest,0
swanky,0
sweeping,0
sweet,0
sweeten,0
sweetheart,0
sweetly,0
sweetness,0
swift,0
swiftness,0
talent,0
talented,0
talents,0
tantalize,0
tantalizing,0
tantalizingly,0
tempt,0
tempting,0
temptingly,0
tenacious,0
tenaciously,0
tenacity,0
tender,0
tenderly,0
terrific,0
terrifically,0
thank,0
thankful,0
thinner,0
thoughtful,0
thoughtfully,0
thoughtfulness,0
thrift,0
thrifty,0
thrill,0
thrilled,0
thrilling,0
thrillingly,0
thrills,0
thrive,0
thriving,0
thumb-up,0
thumbs-up,0
tickle,0
tidy,0
time-honored,0
timely,0
tingle,0
titillate,0
titillating,0
titillatingly,0
togetherness,0
tolerable,0
toll-free,0
top,0
top-notch,0
top-quality,0
topnotch,0
tops,0
tough,0
tougher,0
toughest,0
traction,0
tranquil,0
tranquility,0
transparent,0
treasure,0
tremendously,0
trendy,0
triumph,0
triumphal,0
triumphant,0
triumphantly,0
trivially,0
trophy,0
trouble-free,0
trump,0
trumpet,0
trust,0
trusted,0
trusting,0
trustingly,0
trustworthiness,0
trustworthy,0
trusty,0
truthful,0
truthfully,0
truthfulness,0
twinkly,0
ultra-crisp,0
unabashed,0
unabashedly,0
unaffected,0
unassailable,0
unbeatable,0
unbiased,0
unbound,0
uncomplicated,0
unconditional,0
undamaged,0
undaunted,0
understandable,0
undisputable,0
undisputably,0
undisputed,0
unencumbered,0
unequivocal,0
unequivocally,0
unfazed,0
unfettered,0
unforgettable,0
unity,0
unlimited,0
unmatched,0
unparalleled,0
unquestionable,0
unquestionably,0
unreal,0
unrestricted,0
unrivaled,0
unselfish,0
unwavering,0
upbeat,0
upgradable,0
upgradeable,0
upgraded,0
upheld,0
uphold,0
uplift,0
uplifting,0
upliftingly,0
upliftment,0
upscale,0
usable,0
useable,0
useful,0
user-friendly,0
user-replaceable,0
valiant,0
valiantly,0
valor,0
valuable,0
variety,0
venerate,0
verifiable,0
veritable,0
versatile,0
versatility,0
vibrant,0
vibrantly,0
victorious,0
victory,0
viewable,0
vigilance,0
vigilant,0
virtue,0
virtuous,0
virtuously,0
visionary,0
vivacious,0
vivid,0
vouch,0
vouchsafe,0
warm,0
warmer,0
warmhearted,0
warmly,0
warmth,0
wealthy,0
welcome,0
well,0
well-backlit,0
well-balanced,0
well-behaved,0
well-being,0
well-bred,0
well-connected,0
well-educated,0
well-established,0
well-informed,0
well-intentioned,0
well-known,0
well-made,0
well-managed,0
well-mannered,0
well-positioned,0
well-received,0
well-regarded,0
well-rounded,0
well-run,0
well-wishers,0
wellbeing,0
whoa,0
wholeheartedly,0
wholesome,0
whooa,0
whoooa,0
wieldy,0
willing,0
willingly,0
willingness,0
win,0
windfall,0
winnable,0
winner,0
winners,0
winning,0
wins,0
wisdom,0
wise,0
wisely,0
witty,0
won,0
wonder,0
wonderful,0
wonderfully,0
wonderous,0
wonderously,0
wonders,0
wondrous,0
woo,0
work,0
workable,0
worked,0
works,0
world-famous,0
worth,0
worth-while,0
worthiness,0
worthwhile,0
worthy,0
wow,0
wowed,0
wowing,0
wows,0
yay,0
youthful,0
zeal,0
zenith,0
zest,0
zippy,0
