,username,totaltweets,retweetcount,text,hashtags
0,Aghyad_Sherfawi,813,0,"Een zeer interessante theorie! Ben je het eens? ğŸ’­
A very interesting theory! Do you agree?Â ğŸ’­

#werk #work #ban #employment #entrepreneurslife 
#ondernemerschap #mentality #succes #successfulhabits 
Credits for: The Cyber Security Hubâ„¢ ğŸŒŸ https://t.co/v4cLWYHzcX","['werk', 'work', 'ban', 'employment', 'entrepreneurslife', 'ondernemerschap', 'mentality', 'succes', 'successfulhabits']"
1,MirageNewsCom,380289,0,"#Alcohol wholesaler banned for Â£600,000 #Tax abuse 
https://t.co/xmVhSIZkIz
#Ban #Business #Court #Director #Dispute #Effect #Environment #Government #Investigation #Lawrence #London #Penalty #Property #Rogue #TaxReturn #UK #UKGovernment https://t.co/TVKgyRX3sM","['Alcohol', 'Tax', 'Ban', 'Business', 'Court', 'Director', 'Dispute', 'Effect', 'Environment', 'Government', 'Investigation', 'Lawrence', 'London', 'Penalty', 'Property', 'Rogue', 'TaxReturn', 'UK', 'UKGovernment']"
2,4Tchat,938043,1,"#USA #Advertisement the #USGovernment are trying to #Ban  why do #Governments &amp; #MainstreamMedia try to shut down #debate ? ğŸ’°ğŸ’°ğŸ’‰ #Lobbying
#Banned #VaccineSafetyResearchFoundation #VaccineAdverseEffects #VAERS  #Maddy #VaccineTrials #Pfizer #Truth  https://t.co/OUoWdB3kMi","['USA', 'Advertisement', 'USGovernment', 'Ban', 'Governments', 'MainstreamMedia', 'debate']"
3,1point15,2256,1,"#USA #Advertisement the #USGovernment are trying to #Ban  why do #Governments &amp; #MainstreamMedia try to shut down #debate ? ğŸ’°ğŸ’°ğŸ’‰ #Lobbying
#Banned #VaccineSafetyResearchFoundation #VaccineAdverseEffects #VAERS  #Maddy #VaccineTrials #Pfizer #Truth  https://t.co/OUoWdB3kMi","['USA', 'Advertisement', 'USGovernment', 'Ban', 'Governments', 'MainstreamMedia', 'debate', 'Lobbying', 'Banned', 'VaccineSafetyResearchFoundation', 'VaccineAdverseEffects', 'VAERS', 'Maddy', 'VaccineTrials', 'Pfizer', 'Truth']"
4,AwazThevoice,2201,0,"The Centre extended for five years the ban imposed on the IRF, headed by India-born preacher Zakir Naik

@AdalatLive #IRF #MHA #ZakirNaik #UAPA #ban @mkirfoundation @MWLOrg_en #IslamicResearchFoundation #Awazthevoice

Click to read the full articleğŸ‘‡
https://t.co/VJCdpLvnrP https://t.co/yNQgGzrKci","['IRF', 'MHA', 'ZakirNaik', 'UAPA', 'ban', 'IslamicResearchFoundation', 'Awazthevoice']"
5,c_samarjit,1521,6,"Centre extends ban on fugitive Islamic evangelist Zakir Naik's IRF foundation for 5 years.
#ZakirNaik #IslamicEvangelist #Ban 
 https://t.co/0gQBAaiKlT","['ZakirNaik', 'IslamicEvangelist']"
6,The_Cryptostan,373,0,"Warning Issued to state-owned enterprises as this arrest is just latest statement from CCP to the Chinese populace.
NO BITCOIN HERE...
#China #Cryptocurrency #Mining #Ban #TheCryptoCountry #Yuan #Cryptostan https://t.co/BPfuOxBJ4b","['China', 'Cryptocurrency', 'Mining', 'Ban', 'TheCryptoCountry', 'Yuan', 'Cryptostan']"
7,superteamup,9915,1,"HRSOFTBD develops software in a Multi-Language system. In any language, you can operate it, especially English and Bangla.

Contact Us -
Website: https://t.co/SMH9TZdOgX
Phone:+8801722158130,+8801709372481

#hrsoftbd #softwaredevelopment #softsolution #multilanguage #english #ban https://t.co/6Hbhe0ZGLo",[]
8,HRSOFTBD2,1403,1,"HRSOFTBD develops software in a Multi-Language system. In any language, you can operate it, especially English and Bangla.

Contact Us -
Website: https://t.co/SMH9TZdOgX
Phone:+8801722158130,+8801709372481

#hrsoftbd #softwaredevelopment #softsolution #multilanguage #english #ban https://t.co/6Hbhe0ZGLo","['hrsoftbd', 'softwaredevelopment', 'softsolution', 'multilanguage', 'english', 'ban']"
9,HRSOFTBD2,1403,0,"HRSOFTBD offers Prescribe software solutions for mobile apps and desktop systems.

Contact Us -
Website: https://t.co/SMH9TZdOgX
Phone: +8801722158130, +8801709372481

#hrsoftbd #softwarecompany #ban #softwaredevelopmentcompany #websites #websitedesigningcompany #prescriptions https://t.co/jwbOmTJGL1","['hrsoftbd', 'softwarecompany', 'ban', 'softwaredevelopmentcompany', 'websites', 'websitedesigningcompany', 'prescriptions']"
10,HRSOFTBD2,1403,0,"HRSOFTBD develops the online education system with hundred percent client satisfaction and lifetime service.

Contact Us- 
Article Link: https://t.co/bTKavmM44O 
Website: https://t.co/SMH9TZdOgX
Phone: +8801722158130,+8801709372481

#hrsoftbd #software #online_education #bd #ban https://t.co/WX0mkUFAON","['hrsoftbd', 'software', 'online_education', 'bd', 'ban']"
11,HRSOFTBD2,1403,0,"HRSOFTBD Provides the Best E-education system in Bangladesh.

Contact Us-
Website: https://t.co/SMH9TZdOgX
Phone: +8801722158130, +8801709372481

#hrsoftbd #e_education #e_education_system #e_education_management #Bangladesh #ban https://t.co/JwWTK02Asq","['hrsoftbd', 'e_education', 'e_education_system', 'e_education_management', 'Bangladesh', 'ban']"
12,iSoumikSaheb,26763,0,"ICC Have Some Protocols For Using Of Flag In Bilateral Series. This Doesn't Go With The Protocols. If They Have Just Asked Permission Of BCB It Would Have Been Nice, BCB Wont Say Anything As They Are Guest. Also This Is First Time A Foreign Team Doing So In Practice In #Ban",['Ban']
13,AnshuKr_1,4305,6,"Centre extends ban on fugitive Islamic evangelist Zakir Naik's IRF foundation for 5 years.
#ZakirNaik #IslamicEvangelist #Ban 
 https://t.co/0gQBAaiKlT","['ZakirNaik', 'IslamicEvangelist']"
14,HRSOFTBD2,1403,1,"HRSOFTBD Develops the best E-commerce Website. There is a lot of Software Company, but HRSOFTBD is best for them.

Contact Us-
Article Link:https://t.co/K27BG3OFo4
Website:https://t.co/SMH9TZdOgX
Phone:+8801722158130,+8801709372481

#hrsoftbd #website #software #ecommerce #BAN https://t.co/wyjOWGc2Z3","['hrsoftbd', 'website', 'software', 'ecommerce', 'BAN']"
15,MayuriDutt2,536,1,Why isn't this escalated yet ! @peta @PetaIndia @PETAUK @BlueCross_ @MercyForAnimals #ban #animaltesting #PETA #EndAnimalCruelty #banaimaltesting https://t.co/XGjhIxPHNW,"['ban', 'animaltesting', 'PETA']"
16,HRSOFTBD2,1403,0,"HRSOFTBD Develops the best E-commerce Website. There is a lot of Software Company, but HRSOFTBD is best for them.

Contact Us-
Article Link:https://t.co/K27BG3OFo4
Website:https://t.co/SMH9TZdOgX
Phone:+8801722158130,+8801709372481

#hrsoftbd #website #software #ecommerce #BAN https://t.co/1SiQWRvbR3","['hrsoftbd', 'website', 'software', 'ecommerce', 'BAN']"
17,iRameshwarArya,86801,6,"Centre extends ban on fugitive Islamic evangelist Zakir Naik's IRF foundation for 5 years.
#ZakirNaik #IslamicEvangelist #Ban 
 https://t.co/0gQBAaiKlT","['ZakirNaik', 'IslamicEvangelist']"
18,eOrganiser,27371,6,"Centre extends ban on fugitive Islamic evangelist Zakir Naik's IRF foundation for 5 years.
#ZakirNaik #IslamicEvangelist #Ban 
 https://t.co/0gQBAaiKlT","['ZakirNaik', 'IslamicEvangelist', 'Ban']"
19,HRSOFTBD2,1403,0,"HRSOFTBD Provides the Best E-education system in Bangladesh.

Contact Us-
Website: https://t.co/SMH9TZdOgX
Phone: +8801722158130, +8801709372481

#hrsoftbd #e_education #e_education_system #e_education_management #Bangladesh #ban https://t.co/fFZinPGG85","['hrsoftbd', 'e_education', 'e_education_system', 'e_education_management', 'Bangladesh', 'ban']"
20,HRSOFTBD2,1403,0,"HRSOFTBD develops the online education system with hundred percent client satisfaction and lifetime service.

Contact Us- 
Article Link: https://t.co/bTKavmM44O 
Website: https://t.co/SMH9TZdOgX
Phone: +8801722158130,+8801709372481

#hrsoftbd #software #online_education #bd #ban https://t.co/ImrOSsviCH","['hrsoftbd', 'software', 'online_education', 'bd', 'ban']"
21,annbritton,124719,0,"@walsh_mindy @RSPCAQld @RSPCA â€¦plus @RSPCAQld @RSPCA are law over farmers

Receive $s from councils for animal shelters 

Either donâ€™t turn up when called to help when animals need welfare â€¦or turn up &amp; shoot animals that donâ€™t need it 

â€¦but shut #ban liveexport &amp; ask for donations in next breathe",['ban']
22,HRSOFTBD2,1403,0,"HRSOFTBD offers Prescribe software solutions for mobile apps and desktop systems.

Contact Us -
Website: https://t.co/SMH9TZdOgX
Phone: +8801722158130, +8801709372481

#hrsoftbd #softwarecompany #ban #softwaredevelopmentcompany #websites #websitedesigningcompany #prescriptions https://t.co/TfCBElvaKd","['hrsoftbd', 'softwarecompany', 'ban', 'softwaredevelopmentcompany', 'websites', 'websitedesigningcompany', 'prescriptions']"
23,superteamup,9915,1,"HRSOFTBD develops software in a Multi-Language system. In any language, you can operate it, especially English and Bangla.

Contact Us -
Website: https://t.co/SMH9TZdOgX
Phone:+8801722158130,+8801709372481

#hrsoftbd #softwaredevelopment #softsolution #multilanguage #english #ban https://t.co/lgxJOBnFwF",[]
24,HRSOFTBD2,1403,1,"HRSOFTBD develops software in a Multi-Language system. In any language, you can operate it, especially English and Bangla.

Contact Us -
Website: https://t.co/SMH9TZdOgX
Phone:+8801722158130,+8801709372481

#hrsoftbd #softwaredevelopment #softsolution #multilanguage #english #ban https://t.co/lgxJOBnFwF","['hrsoftbd', 'softwaredevelopment', 'softsolution', 'multilanguage', 'english', 'ban']"
25,superteamup,9915,1,"HRSOFTBD develops software in a Multi-Language system. In any language, you can operate it, especially English and Bangla.

Contact Us -
Website: https://t.co/SMH9TZdOgX
Phone:+8801722158130,+8801709372481

#hrsoftbd #softwaredevelopment #softsolution #multilanguage #english #ban https://t.co/qpcerXnqwr",[]
26,HRSOFTBD2,1403,1,"HRSOFTBD develops software in a Multi-Language system. In any language, you can operate it, especially English and Bangla.

Contact Us -
Website: https://t.co/SMH9TZdOgX
Phone:+8801722158130,+8801709372481

#hrsoftbd #softwaredevelopment #softsolution #multilanguage #english #ban https://t.co/qpcerXnqwr","['hrsoftbd', 'softwaredevelopment', 'softsolution', 'multilanguage', 'english', 'ban']"
27,HRSOFTBD2,1403,0,"HRSOFTBD offers Prescribe software solutions for mobile apps and desktop systems.

Contact Us -
Website: https://t.co/SMH9TZdOgX
Phone: +8801722158130, +8801709372481

#hrsoftbd #softwarecompany #ban #softwaredevelopmentcompany #websites #websitedesigningcompany #prescriptions https://t.co/qzP6Ef69YK","['hrsoftbd', 'softwarecompany', 'ban', 'softwaredevelopmentcompany', 'websites', 'websitedesigningcompany', 'prescriptions']"
28,HRSOFTBD2,1403,0,"HRSOFTBD develops the online education system with hundred percent client satisfaction and lifetime service.

Contact Us- 
Article Link: https://t.co/bTKavmM44O 
Website: https://t.co/SMH9TZdOgX
Phone: +8801722158130,+8801709372481

#hrsoftbd #software #online_education #bd #ban https://t.co/H8tvVKaOJE","['hrsoftbd', 'software', 'online_education', 'bd', 'ban']"
29,HRSOFTBD2,1403,0,"HRSOFTBD Provides the Best E-education system in Bangladesh.

Contact Us-
Website: https://t.co/SMH9TZdOgX
Phone: +8801722158130, +8801709372481

#hrsoftbd #e_education #e_education_system #e_education_management #Bangladesh #ban https://t.co/b82ImLN68y","['hrsoftbd', 'e_education', 'e_education_system', 'e_education_management', 'Bangladesh', 'ban']"
30,HRSOFTBD2,1403,0,"HRSOFTBD Develops the best E-commerce Website. There is a lot of Software Company, but HRSOFTBD is best for them.

Contact Us-
Article Link:https://t.co/K27BG3OFo4
Website:https://t.co/SMH9TZdOgX
Phone:+8801722158130,+8801709372481

#hrsoftbd #website #software #ecommerce #BAN https://t.co/HDkGdZqYZk","['hrsoftbd', 'website', 'software', 'ecommerce', 'BAN']"
31,HRSOFTBD2,1403,0,"HRSOFTBD Develops the best E-commerce Website. There is a lot of Software Company, but HRSOFTBD is best for them.

Contact Us-
Article Link:https://t.co/K27BG3OFo4
Website:https://t.co/SMH9TZdOgX
Phone:+8801722158130,+8801709372481

#hrsoftbd #website #software #ecommerce #BAN https://t.co/feZfR7EKYX","['hrsoftbd', 'website', 'software', 'ecommerce', 'BAN']"
32,HRSOFTBD2,1403,0,"HRSOFTBD Provides the Best E-education system in Bangladesh.

Contact Us-
Website: https://t.co/SMH9TZdOgX
Phone: +8801722158130, +8801709372481

#hrsoftbd #e_education #e_education_system #e_education_management #Bangladesh #ban https://t.co/NEt2V9QaL7","['hrsoftbd', 'e_education', 'e_education_system', 'e_education_management', 'Bangladesh', 'ban']"
33,HRSOFTBD2,1403,0,"HRSOFTBD develops the online education system with hundred percent client satisfaction and lifetime service.

Contact Us- 
Article Link: https://t.co/bTKavmM44O 
Website: https://t.co/SMH9TZdOgX
Phone: +8801722158130,+8801709372481

#hrsoftbd #software #online_education #bd #ban https://t.co/tOkW9qL5a1","['hrsoftbd', 'software', 'online_education', 'bd', 'ban']"
34,RaviCho83483255,79,9,"7 jpsc pt exam totally unfair....result me gajab ka ghotala..
#ban jpsc
#jpsc_conduct_ReExam
#upsc conduct jpsc exam","['ban', 'jpsc_conduct_ReExam', 'upsc']"
35,HRSOFTBD2,1403,0,"HRSOFTBD offers Prescribe software solutions for mobile apps and desktop systems.

Contact Us -
Website: https://t.co/SMH9TZdOgX
Phone: +8801722158130, +8801709372481

#hrsoftbd #softwarecompany #ban #softwaredevelopmentcompany #websites #websitedesigningcompany #prescriptions https://t.co/SR2OGQqMyy","['hrsoftbd', 'softwarecompany', 'ban', 'softwaredevelopmentcompany', 'websites', 'websitedesigningcompany', 'prescriptions']"
36,HRSOFTBD2,1403,0,"HRSOFTBD develops software in a Multi-Language system. In any language, you can operate it, especially English and Bangla.

Contact Us -
Website: https://t.co/SMH9TZdOgX
Phone:+8801722158130,+8801709372481

#hrsoftbd #softwaredevelopment #softsolution #multilanguage #english #ban https://t.co/BitWdPRzCO","['hrsoftbd', 'softwaredevelopment', 'softsolution', 'multilanguage', 'english', 'ban']"
37,CoachCommonSens,134,1,"Knowing that fast food is unhealthy, Indian government should ban all fast food chains?

#FastFood #Junk #Ban #INDIA #Government #Poll #Health #Economy 

#CommonSenseCoach","['FastFood', 'Junk', 'Ban', 'INDIA']"
38,CoachCommonSens,134,1,"Knowing that fast food is unhealthy, Indian government should ban all fast food chains?

#FastFood #Junk #Ban #INDIA #Government #Poll #Health #Economy 

#CommonSenseCoach","['FastFood', 'Junk', 'Ban', 'INDIA', 'Government', 'Poll', 'Health', 'Economy', 'CommonSenseCoach']"
39,banstracker,3757,0,"ğŸ”¨ Twitch Partner Bloodknot_ has been banned!

https://t.co/qyOmfk0eun
#ban #twitch #bloodknot_ #partner ğŸ™ğŸ»â€â™‚ï¸","['ban', 'twitch', 'bloodknot_', 'partner']"
40,globallcitizenn,1146,0,"@airtelnews @Oracle_India Complaint registered against 
@Airtel_Presence
 with @DCP_CCC_Delhi
 . Chasing @airtelindia
 over mails,tweets &amp; calls since 2 months ever since I realised fraud charges are being added to my acc ! No reply from anyone 
@airtelnews
 #ban #fraud #Airtel #airtelblack #airtelthanks https://t.co/AaIJXVf39k","['ban', 'fraud', 'Airtel', 'airtelblack', 'airtelthanks']"
41,globallcitizenn,1146,0,"@airtelindia Complaint registered against 
@Airtel_Presence
 with @DCP_CCC_Delhi
 . Chasing @airtelindia
 over mails,tweets &amp; calls since 2 months ever since I realised fraud charges are being added to my acc ! No reply from anyone 
@airtelnews #ban #fraud #Airtel #airtelblack #airtelthanks https://t.co/eudXmR4gJk","['ban', 'fraud', 'Airtel', 'airtelblack', 'airtelthanks']"
42,Kxxxzai,11630,7,"âŒ Twitch Partner ""Bloodknot_"" has been banned! âŒ

https://t.co/LIJTgEOjnx
#twitch #ban #firstban #partner #twitchpartner â˜","['twitch', 'ban', 'firstban', 'partner', 'twitchpartner']"
43,samirmirza41,390,1,"#AhmedabadMunicipalCorporation has put a #ban on the sale of non-vegetarian #food by roadside stalls alongside public roads, as well as in the 100-meter radius of #schools, #colleges and #religious places. https://t.co/y6M6SbSn6q","['AhmedabadMunicipalCorporation', 'ban', 'food']"
44,Bloodknot555,86,7,"âŒ Twitch Partner ""Bloodknot_"" has been banned! âŒ

https://t.co/LIJTgEOjnx
#twitch #ban #firstban #partner #twitchpartner â˜","['twitch', 'ban', 'firstban', 'partner', 'twitchpartner']"
45,juan1fps,9376,8,"âŒ Twitch Partner ""wiltoNzews"" (@TeamLiquid) has been banned! âŒ

https://t.co/3xZ0C71LzV
#twitch #ban #firstban #partner #twitchpartner ğŸŒ‚","['twitch', 'ban', 'firstban', 'partner']"
46,SebasUriarte_,92,7,"âŒ Twitch Partner ""Bloodknot_"" has been banned! âŒ

https://t.co/LIJTgEOjnx
#twitch #ban #firstban #partner #twitchpartner â˜","['twitch', 'ban', 'firstban', 'partner', 'twitchpartner']"
47,StreamerBans,8247,7,"âŒ Twitch Partner ""Bloodknot_"" has been banned! âŒ

https://t.co/LIJTgEOjnx
#twitch #ban #firstban #partner #twitchpartner â˜","['twitch', 'ban', 'firstban', 'partner', 'twitchpartner']"
48,themojostory,16896,1,"#AhmedabadMunicipalCorporation has put a #ban on the sale of non-vegetarian #food by roadside stalls alongside public roads, as well as in the 100-meter radius of #schools, #colleges and #religious places. https://t.co/y6M6SbSn6q","['AhmedabadMunicipalCorporation', 'ban', 'food', 'schools', 'colleges', 'religious']"
49,Muhamma32801960,1776,0,"GOI extends #ban on Zakir Naik's IRF, says it pollutes minds of people

**News information jk.[NiJK]** https://t.co/CrcCDvLrMX",['ban']
50,pickooo,730403,10,"Centre extends ban on fugitive Islamic evangelist Zakir Naik's IRF foundation for 5 years

Read @ANI Story | https://t.co/Tua1jCu92J
#ZakirNaik #ban https://t.co/KDbZe9KHXT",[]
51,globallcitizenn,1146,0,"@airtelindia @DrSujit_IITB @kalpana7867 @Dinesh_the_star @tushnemma @officiallyayush @hey_its_amisha @RichardSamArul @vinaykalra3 @mudistha @SujitKp1 @Pareek197 @SonalJ_89 @Im_ArupDas @stopthestart Complaint registered against @Airtel_Presence with @DCP_CCC_Delhi . Chasing @airtelindia over mails,tweets &amp; calls since 2 months ever since I realised fraud charges are being added to my acc ! No reply from anyone @airtelnews #ban #fraud #Airtel #airtelblack #airtelthanks https://t.co/aZutKaMfZp","['ban', 'fraud', 'Airtel', 'airtelblack', 'airtelthanks']"
52,vyperz591,4730,0,WHUFC News : 16/11/2021 #WHUFC #COYI #WESTHAMUNITED #STATEMENT #UEFA #BAN #LOANWATCH #EVANS #MUBAMA #DICKENS #KRETINSKYÂ #CORBETT https://t.co/wQH7KyiT0v,"['WHUFC', 'COYI', 'WESTHAMUNITED', 'STATEMENT', 'UEFA', 'BAN', 'LOANWATCH', 'EVANS', 'MUBAMA', 'DICKENS', 'KRETINSKY', 'CORBETT']"
53,CricSidd,11722,0,#BAN surely getting all out under 49 https://t.co/dbaaiKcQL9,['BAN']
54,NibirSaikia13,5,0,"@shashank_ssj @ColorsTV @TheRaghav_Juyal @remodsouza @MadhuriDixit @himantabiswa @GemsOfBollywood Such cheap and racist mentality person does not deserve to host this show. He should be dropped down immediately by @ColorsTV  
#ban #RaghavJuyal !!","['ban', 'RaghavJuyal']"
55,Wildandtiredewe,126834,8,"In ğŸ” days, join me ğğğ•ğ„ğŒğğ„ğ‘ ğŸğŸğ¬ğ­ ğ€ğ“ ğŸ‘ğğŒ ğğ“ for my live stream signing on Twitch!
https://t.co/oXGxctvqvP

Grab your print at
https://t.co/ORzxLT0w3Q or https://t.co/jbqLuvCdfW now!

#SevenDeadlySins #Ban #Streamily #autographs https://t.co/28nISy3kWX",[]
56,shauryapatel29,2755,0,"Note:  The post is created to make you aware about the stupid logic that AMC has used for banning non-veg food from the city street. At no point it is intended to harm your personal religious view points.
.
#Ahmedabad #Ban #Food #Logic #City #Urban","['Ahmedabad', 'Ban', 'Food', 'Logic', 'City', 'Urban']"
57,mukeshpandeyji,44413,10,"Centre extends ban on fugitive Islamic evangelist Zakir Naik's IRF foundation for 5 years

Read @ANI Story | https://t.co/Tua1jCu92J
#ZakirNaik #ban https://t.co/KDbZe9KHXT",[]
58,Ramji370,164574,10,"Centre extends ban on fugitive Islamic evangelist Zakir Naik's IRF foundation for 5 years

Read @ANI Story | https://t.co/Tua1jCu92J
#ZakirNaik #ban https://t.co/KDbZe9KHXT",[]
59,KreativeGeek,15829,1,"The company decided to do this in order to eradicate cheating on its popular game, Battlegrounds Mobile India

#PUBG #gaming #ban #PUBGNEWSTATEINDIA #businessofbrands 
https://t.co/aNzj7FTzRn",['PUBG']
60,ETBrandEquity,35059,1,"The company decided to do this in order to eradicate cheating on its popular game, Battlegrounds Mobile India

#PUBG #gaming #ban #PUBGNEWSTATEINDIA #businessofbrands 
https://t.co/aNzj7FTzRn","['PUBG', 'gaming', 'ban', 'PUBGNEWSTATEINDIA', 'businessofbrands']"
61,Arzkhan_91,256,10,"Centre extends ban on fugitive Islamic evangelist Zakir Naik's IRF foundation for 5 years

Read @ANI Story | https://t.co/Tua1jCu92J
#ZakirNaik #ban https://t.co/KDbZe9KHXT",[]
62,Devious_T,16681,0,I catch bans on @Facebook like it's my job. You got an opinion on there that they don't like? Fuck you. Oh you're having a hypothetical conversation with a friend? Fuck you. #Facebook #Ban #FreesomOfSpeech #FacebookIsRanByNazis #Fascism #KyleRittenhouse #RittenhouseTrial https://t.co/xKQzcgvB8Q,"['Facebook', 'Ban', 'FreesomOfSpeech', 'FacebookIsRanByNazis', 'Fascism', 'KyleRittenhouse', 'RittenhouseTrial']"
63,DaxThegreatest,5603,10,"Centre extends ban on fugitive Islamic evangelist Zakir Naik's IRF foundation for 5 years

Read @ANI Story | https://t.co/Tua1jCu92J
#ZakirNaik #ban https://t.co/KDbZe9KHXT",[]
64,lettyjassy,6684,16,SOO @YouTube can #BAN MILLIONS of videos of ppl spewing incorrect nonsense about Vaccines &amp; other types of misinformation but CANT BAN #BABYMONKEYTORTURE AFTER BEING TOLD BY EVERYONE HOW SADISTIC IT IS?!?!?!ğŸ¤¬ @SusanWojcicki #BabyMonkeyTorture #YOUTUBEBLOODMONEY #ENDTHETREND NOW https://t.co/XWHZ2d0doU,['BAN']
65,vishalbhatii,86076,10,"Centre extends ban on fugitive Islamic evangelist Zakir Naik's IRF foundation for 5 years

Read @ANI Story | https://t.co/Tua1jCu92J
#ZakirNaik #ban https://t.co/KDbZe9KHXT",[]
66,MShukla57,8774,10,"Centre extends ban on fugitive Islamic evangelist Zakir Naik's IRF foundation for 5 years

Read @ANI Story | https://t.co/Tua1jCu92J
#ZakirNaik #ban https://t.co/KDbZe9KHXT",[]
67,smokey33461095,3085,10,"Centre extends ban on fugitive Islamic evangelist Zakir Naik's IRF foundation for 5 years

Read @ANI Story | https://t.co/Tua1jCu92J
#ZakirNaik #ban https://t.co/KDbZe9KHXT",[]
68,C0smicH0riz0n,41536,10,"Centre extends ban on fugitive Islamic evangelist Zakir Naik's IRF foundation for 5 years

Read @ANI Story | https://t.co/Tua1jCu92J
#ZakirNaik #ban https://t.co/KDbZe9KHXT",[]
69,Heavenzpostman,3060,10,"Centre extends ban on fugitive Islamic evangelist Zakir Naik's IRF foundation for 5 years

Read @ANI Story | https://t.co/Tua1jCu92J
#ZakirNaik #ban https://t.co/KDbZe9KHXT",[]
70,OfficialAiNews,4042,0,"Centre extends ban on fugitive Islamic evangelist Zakir Naik's IRF foundation for 5 years

#ZakirNaik #ban https://t.co/vgiPTBddF2","['ZakirNaik', 'ban']"
71,ani_digital,46454,10,"Centre extends ban on fugitive Islamic evangelist Zakir Naik's IRF foundation for 5 years

Read @ANI Story | https://t.co/Tua1jCu92J
#ZakirNaik #ban https://t.co/KDbZe9KHXT","['ZakirNaik', 'ban']"
72,AditiSh03742380,577,0,"The Ahmedabad Municipal Corporation in Gujarat has banned the selling of non-vegetarian food items at stalls alongside public roads from Tuesday. Tap link https://t.co/xw5jFjkBNj 
#NationalPressDay #Ahmedabad #NonVeg #ban #chickentikka https://t.co/WhqbHDRIdg","['NationalPressDay', 'Ahmedabad', 'NonVeg', 'ban', 'chickentikka']"
73,pranay_purohit,8744,0,"F&amp;O #BAN

Securities in Ban For Trade Date 16-NOV-2021: 

1. #bankbaroda
2. #BHEL
3. #ESCORTS
4. #IBULHSGFIN
5. #IRCTC
6. #NATIONALUM
7. #PNB
8. #SAIL
9. #SUNTV

Entry : #IRCTC","['BAN', 'bankbaroda', 'BHEL', 'ESCORTS', 'IBULHSGFIN', 'IRCTC', 'NATIONALUM', 'PNB', 'SAIL', 'SUNTV', 'IRCTC']"
74,58f2e727c302488,6658,0,@Shilpa1308 @_pallavighosh @shajanscaria @ImtiazMadmood @rsandeepbjp @sandeepvarier @SobhaBJP @mohandastg @keveeyes @PanickarS this is  turning  out  to  be  killing  fields. Second  RSS/BJP  functionary  killed  within  a   short  span.#Ban PFI &amp; SDPI. https://t.co/3Ze8mqkXop https://t.co/XRrIX94t0G,['Ban']
75,_AaquibGull,693,0,"#Ban on Islamic Research Foundation, headed by #Zakir Naik, extended for 5 more years: MHA https://t.co/bE8nRlgUmF","['Ban', 'Zakir']"
76,Rajesh_Satpute,5254,8,"F&amp;O #BAN 

New in Ban: 
1âƒ£ #IRCTC 

Still in Ban: 
2âƒ£ #BHEL 
3âƒ£ #BOB 
4âƒ£ #ESCORTS 
5âƒ£ #IBHSGFIN 
6âƒ£ #NATIONALUM 
7âƒ£ #PNB 
8âƒ£ #SAIL 
9âƒ£ #SUNTV 

Out of Ban:
None

@CNBC_Awaaz #AwaazMarkets #MunafeKiBaat","['BAN', 'IRCTC', 'BHEL', 'BOB', 'ESCORTS', 'IBHSGFIN', 'NATIONALUM', 'PNB']"
77,Gopi18555902,45636,9,"TFI's 50cr+ Gross on Day1 Ww..

#BB1 - 74cr (all)
#BB2 - 215cr (all)
#Spyder - 51cr
#AGV - 59cr
#BAN- 66cr
#Maharshi - 61cr
#Syera - 68cr (all)
#Saaho - 130cr+ (all)
#SLN - 70cr+

In total 9 movies..
@urstrulyMahesh - 4 Movies..ğŸ¤™ğŸ”¥
""Rest TFI - 5 Movies

#ReigningSuperStarMAHESH https://t.co/74rAg9BhTc","['BB1', 'BB2', 'Spyder', 'AGV', 'BAN', 'Maharshi']"
78,banstracker,3757,0,"ğŸ”¨ Twitch Partner Heelmike has been banned!

https://t.co/nHFbFJEQoU
#ban #twitch #heelmike #partner ğŸ™ğŸ»â€â™‚ï¸","['ban', 'twitch', 'heelmike', 'partner']"
79,AggieJay_412,234726,0,@_theJoyofLex Absolutely he is so trash period and no good #BAN ğŸ™„ğŸ˜¡,['BAN']
80,sakamoto_1k,15105,4,"âŒ Twitch Partner ""chapotraphouse"" (@chapofym) has been banned! âŒ

https://t.co/8LP8cirejM
#twitch #ban #secondban #partner #twitchpartner ğŸ…¿","['twitch', 'ban', 'secondban']"
81,Sk8fanK,1926,0,"Daria Usacheva is being hauled through the Moscow airport in a wheelchair, unsure whether she will ever walk let alone skate again. Meanwhile, her coaching team is denying any responsibility and continuing to starve their skaters and promote cruel training methods. #BAN #ETERI","['BAN', 'ETERI']"
82,annbritton,124719,0,"Amazing hey â€¦#liveexport wasnâ€™t given chance of â€œreviewâ€ from @RSPCAQld @RSPCA â€¦the chant went out to #ban &amp; still stands from #rspca â€¦#rspca over 100yrs old, how long do they did to get it right on Aus soil?â€¦they not dealing with OS rules/regs/govt 
@walsh_mindy https://t.co/vzyupi1ZhM","['liveexport', 'ban', 'rspca', 'rspca']"
83,anthony_no_simp,2520,3,"âŒ Twitch Partner ""Heelmike"" (@heelmike6) has been banned! âŒ

https://t.co/givwj9Ipp1
#twitch #ban #secondban #partner #twitchpartner â˜¦","['twitch', 'ban', 'secondban', 'partner']"
84,StreamerBans,8247,3,"âŒ Twitch Partner ""Heelmike"" (@heelmike6) has been banned! âŒ

https://t.co/givwj9Ipp1
#twitch #ban #secondban #partner #twitchpartner â˜¦","['twitch', 'ban', 'secondban', 'partner', 'twitchpartner']"
85,ajith071891pk,2084,14,"Chinese Provincial Official Expelled for Violating Crypto Mining Ban.

#Bitcoin #Mining #Ban #China â€‹#BTC #Bitcointrading #Bitcoinprice #Bitcoinnews
â€‹#investment #cryptonews #cryptotrading #altcoin #NFT

Join CCK
âœ…Group: https://t.co/TCxfYZthhv
âœ…Channel: https://t.co/7eVh8snEcC https://t.co/7IV0Jyk2sk","['Bitcoin', 'Mining', 'Ban', 'China', 'BTC', 'Bitcointrading']"
86,ZenithCrownKR,14252,8,"âŒ Twitch Partner ""wiltoNzews"" (@TeamLiquid) has been banned! âŒ

https://t.co/3xZ0C71LzV
#twitch #ban #firstban #partner #twitchpartner ğŸŒ‚","['twitch', 'ban', 'firstban', 'partner']"
87,vventus_,4619,8,"In ğŸ” days, join me ğğğ•ğ„ğŒğğ„ğ‘ ğŸğŸğ¬ğ­ ğ€ğ“ ğŸ‘ğğŒ ğğ“ for my live stream signing on Twitch!
https://t.co/oXGxctvqvP

Grab your print at
https://t.co/ORzxLT0w3Q or https://t.co/jbqLuvCdfW now!

#SevenDeadlySins #Ban #Streamily #autographs https://t.co/28nISy3kWX",[]
88,meimei7782,32061,8,"In ğŸ” days, join me ğğğ•ğ„ğŒğğ„ğ‘ ğŸğŸğ¬ğ­ ğ€ğ“ ğŸ‘ğğŒ ğğ“ for my live stream signing on Twitch!
https://t.co/oXGxctvqvP

Grab your print at
https://t.co/ORzxLT0w3Q or https://t.co/jbqLuvCdfW now!

#SevenDeadlySins #Ban #Streamily #autographs https://t.co/28nISy3kWX",[]
89,ItsMeDYK,72361,0,"Here is a question for the #Nazis, who want to #Ban #Books https://t.co/D4C6UTRxyV","['Nazis', 'Ban', 'Books']"
90,LioFotia16,10855,8,"In ğŸ” days, join me ğğğ•ğ„ğŒğğ„ğ‘ ğŸğŸğ¬ğ­ ğ€ğ“ ğŸ‘ğğŒ ğğ“ for my live stream signing on Twitch!
https://t.co/oXGxctvqvP

Grab your print at
https://t.co/ORzxLT0w3Q or https://t.co/jbqLuvCdfW now!

#SevenDeadlySins #Ban #Streamily #autographs https://t.co/28nISy3kWX",[]
91,Nick721l,5669,8,"In ğŸ” days, join me ğğğ•ğ„ğŒğğ„ğ‘ ğŸğŸğ¬ğ­ ğ€ğ“ ğŸ‘ğğŒ ğğ“ for my live stream signing on Twitch!
https://t.co/oXGxctvqvP

Grab your print at
https://t.co/ORzxLT0w3Q or https://t.co/jbqLuvCdfW now!

#SevenDeadlySins #Ban #Streamily #autographs https://t.co/28nISy3kWX",[]
92,LegallyLoli,83196,8,"In ğŸ” days, join me ğğğ•ğ„ğŒğğ„ğ‘ ğŸğŸğ¬ğ­ ğ€ğ“ ğŸ‘ğğŒ ğğ“ for my live stream signing on Twitch!
https://t.co/oXGxctvqvP

Grab your print at
https://t.co/ORzxLT0w3Q or https://t.co/jbqLuvCdfW now!

#SevenDeadlySins #Ban #Streamily #autographs https://t.co/28nISy3kWX",[]
93,Chionokun,33213,8,"In ğŸ” days, join me ğğğ•ğ„ğŒğğ„ğ‘ ğŸğŸğ¬ğ­ ğ€ğ“ ğŸ‘ğğŒ ğğ“ for my live stream signing on Twitch!
https://t.co/oXGxctvqvP

Grab your print at
https://t.co/ORzxLT0w3Q or https://t.co/jbqLuvCdfW now!

#SevenDeadlySins #Ban #Streamily #autographs https://t.co/28nISy3kWX",[]
94,BenjaminDiskin,13809,8,"In ğŸ” days, join me ğğğ•ğ„ğŒğğ„ğ‘ ğŸğŸğ¬ğ­ ğ€ğ“ ğŸ‘ğğŒ ğğ“ for my live stream signing on Twitch!
https://t.co/oXGxctvqvP

Grab your print at
https://t.co/ORzxLT0w3Q or https://t.co/jbqLuvCdfW now!

#SevenDeadlySins #Ban #Streamily #autographs https://t.co/28nISy3kWX","['SevenDeadlySins', 'Ban', 'Streamily', 'autographs']"
95,ItsMeDYK,72361,0,"#Fact:

The #Morons who want to #Ban #Books are #Evil #Nazis

#FactsMatter","['Fact', 'Morons', 'Ban', 'Books', 'Evil', 'Nazis', 'FactsMatter']"
96,iotcybersec24,131002,0,"Privacy under attack as Russia works to ban Telegram app
The Russian government wants to block access to...
#Privacy #attack #Russia #works #ban #Telegram #app #cybersecurity

https://t.co/UonhemIULi","['Privacy', 'attack', 'Russia', 'works', 'ban', 'Telegram', 'app', 'cybersecurity']"
97,banstracker,3757,0,"ğŸ”¨ Twitch Affiliate Jantxon97 has been banned!

https://t.co/S7A7REXHtF
#ban #twitch #jantxon97 #affiliate ğŸ™ğŸ»â€â™‚ï¸","['ban', 'twitch', 'jantxon97', 'affiliate']"
98,ThisisadpI,444,0,"Tommy Gentry
Marco Mendoza Band
Monsterfest 2021
Inverness Ironworks 

#nikon #scotland #htbarp #onstage #bandphotography #stagephotography #concerts #audioloveofficial #picoftheday #rocknroll #livemusicphoto #liveconcert #rockmusic #gigphotographer #banâ€¦ https://t.co/UJk1doLty5 https://t.co/WMcbgOe9Sw","['nikon', 'scotland', 'htbarp', 'onstage', 'bandphotography', 'stagephotography', 'concerts', 'audioloveofficial', 'picoftheday', 'rocknroll', 'livemusicphoto', 'liveconcert', 'rockmusic', 'gigphotographer', 'ban']"
99,MirageNewsCom,380289,0,"Weightlifter receives sanction 16 November 
https://t.co/tgkafKWBpu
#Androgen #ASADA #Athletes #Australia #Australian #Ban #ClinicalTrials #Heart #Muscle #Safety #Suspicious #Website https://t.co/X7I2Paf1Qc","['Androgen', 'ASADA', 'Athletes', 'Australia', 'Australian', 'Ban', 'ClinicalTrials', 'Heart', 'Muscle', 'Safety', 'Suspicious', 'Website']"
100,MirageNewsCom,380289,0,"Lawyers call for #Ban on advertising cosmetic #Surgery to u18s 
https://t.co/a8u88ClyKI
#Ala #Amendment #Australian #AustralianLawyersAlliance #Children #Health #Industry #Law #Media #Online #Regulation #Safety #SocialMedia #Society https://t.co/gz7UUNAA2t","['Ban', 'Surgery', 'Ala', 'Amendment', 'Australian', 'AustralianLawyersAlliance', 'Children', 'Health', 'Industry', 'Law', 'Media', 'Online', 'Regulation', 'Safety', 'SocialMedia', 'Society']"
101,bitcoinagile,1199319,0,Chinas #bitcoin Ban Is The Unnoticed Geopolitical Event Of The Decade #hashrate #Mining #China #Ban https://t.co/4RVgVyGHrX https://t.co/KAc4jTzy5f,"['bitcoin', 'hashrate', 'Mining', 'China', 'Ban']"
102,Coinboard,94781,0,Chinaâ€™s Bitcoin Ban Is The Unnoticed Geopolitical Event Of The Decade https://t.co/KU70LGzEEU #hashrate #Mining #China #Ban,"['hashrate', 'Mining', 'China', 'Ban']"
103,littleghxst24,2626,1,"Trolls are unavoidable ğŸ™„ however why not ban them with the power of the moon or the sass of Harley Quinn ? ğŸ˜
Both emotes are available from my Etsy store! ğŸ‘‡ğŸ¼

https://t.co/pa6MPj23ca

#twitch #emotes #ban #sailormoon #harleyquinn #streaming #streamer #twitchemotes https://t.co/wpFsy6Hj8K",[]
104,TheSamiIqbal,1441,0,Proud moment for South Asian cricket. #BabarAzam named captain of the most valuable team of t20 WorldCup2021. An honor not just for Pakistan but for all of only we choose to accept it. #Ind #Pak #Ban #SriLanka #Oman https://t.co/qAXxaulFIQ,"['BabarAzam', 'Ind', 'Pak', 'Ban', 'SriLanka', 'Oman']"
105,leoogolas,194299,0,"âŒ Twitch Partner ""MolinaExdee"" (@Molinaexdee) has been banned! âŒ
 https://t.co/oUN9SXb7Yq
#twitch #ban #firstban #partner #twitchpartner ğŸŒ‚","['twitch', 'ban', 'firstban', 'partner', 'twitchpartner']"
106,s4ntosandre,41205,8,"âŒ Twitch Partner ""wiltoNzews"" (@TeamLiquid) has been banned! âŒ

https://t.co/3xZ0C71LzV
#twitch #ban #firstban #partner #twitchpartner ğŸŒ‚","['twitch', 'ban', 'firstban', 'partner']"
107,banstracker,3757,0,"ğŸ”¨ Twitch Affiliate zxcdevourer has been banned!

https://t.co/8v5UXdvBvy
#ban #twitch #zxcdevourer #affiliate ğŸ™ğŸ»â€â™‚ï¸","['ban', 'twitch', 'zxcdevourer', 'affiliate']"
108,Kelevraxdrop777,7227,8,"âŒ Twitch Partner ""wiltoNzews"" (@TeamLiquid) has been banned! âŒ

https://t.co/3xZ0C71LzV
#twitch #ban #firstban #partner #twitchpartner ğŸŒ‚","['twitch', 'ban', 'firstban', 'partner']"
109,KuriTwitch,438,4,"âŒ Twitch Partner ""chapotraphouse"" (@chapofym) has been banned! âŒ

https://t.co/8LP8cirejM
#twitch #ban #secondban #partner #twitchpartner ğŸ…¿","['twitch', 'ban', 'secondban']"
110,dutt_upasna,256,1,Why isn't this escalated yet ! @peta @PetaIndia @PETAUK @BlueCross_ @MercyForAnimals #ban #animaltesting #PETA #EndAnimalCruelty #banaimaltesting https://t.co/XGjhIxPHNW,"['ban', 'animaltesting', 'PETA', 'EndAnimalCruelty', 'banaimaltesting']"
111,banstracker,3757,0,"ğŸ”¨ Twitch Partner chapotraphouse has been banned!

https://t.co/jyi7AwcQMQ
#ban #twitch #chapotraphouse #partner ğŸ™ğŸ»â€â™‚ï¸","['ban', 'twitch', 'chapotraphouse', 'partner']"
112,banstracker,3757,0,"ğŸ”¨ Twitch Partner indian0ch has been banned!

https://t.co/MbLUwsgGE6
#ban #twitch #indian0ch #partner ğŸ™ğŸ»â€â™‚ï¸","['ban', 'twitch', 'indian0ch', 'partner']"
113,sanjahuja,340,1,"What form of governance do @narendramodi and @ArvindKejriwal know, except for #lockdown and #ban?

Bad air, close schools or impose #oddEven. But they will not do anything to improve #AQI. They will not take steps to curb #StubbleBurning.

Next, #Pooja to appease #Vayu!","['lockdown', 'ban']"
114,520metal,15581,8,"âŒ Twitch Partner ""wiltoNzews"" (@TeamLiquid) has been banned! âŒ

https://t.co/3xZ0C71LzV
#twitch #ban #firstban #partner #twitchpartner ğŸŒ‚","['twitch', 'ban', 'firstban', 'partner']"
115,StreamerBans,8247,8,"âŒ Twitch Partner ""wiltoNzews"" (@TeamLiquid) has been banned! âŒ

https://t.co/3xZ0C71LzV
#twitch #ban #firstban #partner #twitchpartner ğŸŒ‚","['twitch', 'ban', 'firstban', 'partner', 'twitchpartner']"
116,banstracker,3757,0,"ğŸ”¨ Twitch Affiliate GamerzockerYT has been banned!

https://t.co/XcTGLl4wSB
#ban #twitch #gamerzockeryt #affiliate ğŸ™ğŸ»â€â™‚ï¸","['ban', 'twitch', 'gamerzockeryt', 'affiliate']"
117,StreamerBans,8247,2,"âŒ Twitch Partner ""indian0ch"" has been banned! âŒ

https://t.co/fbnbPDAkG8
#twitch #ban #fourthban #partner #twitchpartner ğŸš¥","['twitch', 'ban', 'fourthban', 'partner', 'twitchpartner']"
118,JocelynePeiffer,55127,3,"@SchmitterCecile @OneVoice How do you feel when you #kill these #animals, if you were in their place, would you like to #die in the same way? Have #compassion.

#Ban #Hunting #Underground","['kill', 'animals', 'die']"
119,Susan_Larson_TN,67348,0,"More #Republican #leaders try to #ban #books on #race, #LGBTQ #issues.

https://t.co/JFUeWR3jNk","['Republican', 'leaders', 'ban', 'books', 'race', 'LGBTQ', 'issues']"
120,Susan_Larson_TN,67348,0,"#Virginiaâ€™s #governorelect appoints #antiLGBTQ #leaders to #transition #team. One of #GlennYoungkin's #transition #cochairs previously led the #HeritageFoundation when they hired ex-#VP #MikePence. Another wrote #Virginia's defunct #samesexmarriage #ban. 

https://t.co/LP4mnVFCf5","['Virginia', 'governorelect', 'antiLGBTQ', 'leaders', 'transition', 'team', 'GlennYoungkin', 'transition', 'cochairs', 'HeritageFoundation', 'VP', 'MikePence', 'Virginia', 'samesexmarriage', 'ban']"
121,banstracker,3757,0,"ğŸ”¨ Twitch Affiliate Pepeelbotellu50 has been banned!

https://t.co/fBbLMTVmvE
#ban #twitch #pepeelbotellu50 #affiliate ğŸ™ğŸ»â€â™‚ï¸","['ban', 'twitch', 'pepeelbotellu50', 'affiliate']"
122,JocelynePeiffer,55127,14,"@SchmitterCecile @EmmanuelMacron @J_Denormandie @barbarapompili This #abominable #practice must end, no #livingbeing must be subjected to it, how would you feel in the place of the #prey?

#Ban #Hunting With #Hounds","['abominable', 'practice', 'livingbeing']"
123,banstracker,3757,0,"ğŸ”¨ Twitch Partner Hype has been banned!

https://t.co/3vfm6TRBhE
#ban #twitch #hype #partner ğŸ™ğŸ»â€â™‚ï¸","['ban', 'twitch', 'hype', 'partner']"
124,StreamerBans,8247,4,"âŒ Twitch Partner ""chapotraphouse"" (@chapofym) has been banned! âŒ

https://t.co/8LP8cirejM
#twitch #ban #secondban #partner #twitchpartner ğŸ…¿","['twitch', 'ban', 'secondban', 'partner', 'twitchpartner']"
125,TriCityNCPC,3289,0,"Big moves for Australia in tobacco prevention! ğŸ‰

Australian governments urged to set a date to ban cigarette retail sales
https://t.co/3XZMn63JDO
#tobacco #cigarettes #australia #ban #health","['tobacco', 'cigarettes', 'australia', 'ban', 'health']"
126,pabitratarai1,163,0,"F&amp;O #BAN 

New in Ban: 
1âƒ£ #IRCTC 

Still in Ban: 
2âƒ£ #BHEL 
3âƒ£ #BOB 
4âƒ£ #ESCORTS 
5âƒ£ #IBHSGFIN 
6âƒ£ #NATIONALUM 
7âƒ£ #PNB 
8âƒ£ #SAIL 
9âƒ£ #SUNTV","['BAN', 'IRCTC', 'BHEL', 'BOB', 'ESCORTS', 'IBHSGFIN', 'NATIONALUM', 'PNB', 'SAIL', 'SUNTV']"
127,banstracker,3757,0,"ğŸ”¨ Twitch Affiliate JULY3P_OFICIAL has been banned!

https://t.co/sZfSSm3aEr
#ban #twitch #july3p_oficial #affiliate ğŸ™ğŸ»â€â™‚ï¸","['ban', 'twitch', 'july3p_oficial', 'affiliate']"
128,StreamerBans,8247,2,"âŒ Twitch Partner ""Hype"" (@aynisinemalar) has been banned! âŒ

https://t.co/GUnt7uuCiW
#twitch #ban #secondban #partner #twitchpartner ğŸš£","['twitch', 'ban', 'secondban', 'partner', 'twitchpartner']"
129,ManuH17068685,13563,0,"#Chinese authorities have placed a #ban on #teaching #Tibetan language to children in the #Qinghai province. The law bans even informal lessons being taught to children in Tibetan language.Â 
https://t.co/3Q9XlbDPFD","['Chinese', 'ban', 'teaching', 'Tibetan', 'Qinghai']"
130,StreamerBans,8247,3,"âŒ Twitch Partner ""EvonMoss"" (@EvonMosss) has been banned! âŒ

https://t.co/mPYQkT5o2G
#twitch #ban #fifthban #partner #twitchpartner ğŸ“¤","['twitch', 'ban', 'fifthban', 'partner', 'twitchpartner']"
131,idoastrovastu,1954,8,"F&amp;O #BAN 

New in Ban: 
1âƒ£ #IRCTC 

Still in Ban: 
2âƒ£ #BHEL 
3âƒ£ #BOB 
4âƒ£ #ESCORTS 
5âƒ£ #IBHSGFIN 
6âƒ£ #NATIONALUM 
7âƒ£ #PNB 
8âƒ£ #SAIL 
9âƒ£ #SUNTV 

Out of Ban:
None

@CNBC_Awaaz #AwaazMarkets #MunafeKiBaat","['BAN', 'IRCTC', 'BHEL', 'BOB', 'ESCORTS', 'IBHSGFIN', 'NATIONALUM', 'PNB']"
132,BlueTieGuy,6849,1,"It was great working with @ChrisCPandolfo on this story. Our ban was lifted after 9 months, but now we are back in hot water after only 2 months. #facebook #ban #PatrioticMe #TheBlaze #bannedforbackingblue https://t.co/bVT6P4DeE4",[]
133,PatrioticMe4,144,1,"It was great working with @ChrisCPandolfo on this story. Our ban was lifted after 9 months, but now we are back in hot water after only 2 months. #facebook #ban #PatrioticMe #TheBlaze #bannedforbackingblue https://t.co/bVT6P4DeE4","['facebook', 'ban', 'PatrioticMe', 'TheBlaze', 'bannedforbackingblue']"
134,STOPDCMTNOW1,138443,5,"@MaryJoe38642126 @waza @action4ifaw @vivek4wild @Indonesia Stop the Vile Elephant Cruelty â€¼ï¸
Protect Asia's Elephants from being
turned into Slaves for #Entertainment&amp; 
#Profit  ğŸ’”ğŸ˜ğŸ’”
#BAN  #Indonesia's CRUEL 
#Elephant #Rides  ğŸš« ğŸ™",[]
135,STOPDCMTNOW1,138443,72,".@waza .@action4ifaw .@vivek4wild

PLS #BAN .@indonesiaâ€™s CRUEL #Elephant #Rides

#Baby #Elephants #Chained To Their #Mothers

#Beat #Confined In #Tiny #Spaces 

#Deprived #Food #Sleep #BEAT Until Their #Spirit is #Broken

For #Entertainment &amp; #Profit

https://t.co/5U9yCzslla","['BAN', 'Elephant', 'Rides', 'Baby', 'Elephants', 'Chained']"
136,STOPDCMTNOW1,138443,5,"@MaryJoe38642126 @CMOKerala @vijayanpinarayi @KeralaTourism PLS #BAN .@KeralaTourism  CRUEL 
#Elephant #Rides 
 This disgusting sickening cruelty for
#Entertainment and to line the pockets 
for the greedy Tourists Industry is unacceptable and must end.
Stop this Animal Abuse â€¼ï¸, ğŸ’”ğŸ˜ğŸ’”","['BAN', 'Elephant', 'Rides']"
137,STOPDCMTNOW1,138443,67,".@CMOKerala 
.@vijayanpinarayi 

PLS #BAN .@KeralaTourism CRUEL #Elephant #Rides

#Baby #Elephants #Chained To Their #Mothers

#Beat #Confined In #Tiny #Spaces 

#Deprived #Food #Sleep #BEAT Until Their #Spirit is #Broken

For #Entertainment &amp; #ProfitğŸ˜”ğŸ˜

https://t.co/wn1jHJ1AZ8","['BAN', 'Elephant', 'Rides', 'Baby', 'Elephants', 'Chained']"
138,STOPDCMTNOW1,138443,5,"@MaryJoe38642126 @KeralaGovernor @KeralaTourism @evarthalive ğŸ™Stop the Heartless Cruelty â€¼ï¸ğŸ˜”
PLS #BAN  .@KeralaTourism CRUEL
#Elephant #Rides  ğŸ’”ğŸ˜ğŸ’”
Have compassion &amp; empathy for Elephants",['BAN']
139,STOPDCMTNOW1,138443,56,".@KeralaGovernor 

PLS #BAN .@KeralaTourism CRUEL #Elephant #Rides

#Baby #Elephants #Chained To Their #Mothers

#Beat #Confined In #Tiny #Spaces 

#Deprived #Food #Sleep #BEAT Until Their #Spirit is #Broken

For #Entertainment/#ProfitğŸ˜”ğŸ˜

.@evarthalive

 https://t.co/zincg0I91l","['BAN', 'Elephant', 'Rides', 'Baby', 'Elephants', 'Chained', 'Mothers', 'Beat']"
140,STOPDCMTNOW1,138443,60,".@jokowi .@pramonoanung 

PLS #BAN .@indonesiaâ€™s CRUEL #Elephant #Rides

#Baby #Elephants #Chained To Their #Mothers

#Beat #Confined In #Tiny #Spaces 

#Deprived #Food #Sleep #BEAT Until Their #Spirit is #Broken

For #Entertainment &amp; #ProfitğŸ˜”ğŸ˜

.@CITES 
https://t.co/5U9yCzslla","['BAN', 'Elephant', 'Rides', 'Baby', 'Elephants', 'Chained', 'Mothers']"
141,STOPDCMTNOW1,138443,72,".@PIB_India .@narendramodi .@PMOIndia

PLS #BAN #indiaÂ â€™s CRUEL #Elephant #Rides

#Baby #Elephants #Chained To Their #Mothers

#Beat #Confined In #Tiny #Spaces 

#Deprived #Food #Sleep #BEAT Until Their #Spirit is #Broken

For #Entertainment &amp; #Profit

https://t.co/EJDOaN93In","['BAN', 'india', 'Elephant', 'Rides', 'Baby', 'Elephants', 'Chained']"
142,STOPDCMTNOW1,138443,5,"@MaryJoe38642126 @MFAThai @BBCNewsAsia @pakhead #Thailand's   #Elephant  Cruelty 
Must Endâ€¼ï¸ ğŸ’”ğŸ˜ğŸ’”
PLS #BAN  #Thailands  CRUEL 
#Elephant #Rides  ğŸ™ ğŸ˜” 
Elephants are Not Objects to be 
Used &amp; Abused for Human GREED â€¼ï¸
Stop Turning Elephants into Slaves
#BreaktheChains  Protect Elephants ğŸ™ğŸ˜","['Thailand', 'Elephant', 'BAN', 'Thailands']"
143,STOPDCMTNOW1,138443,70,".@MFAThai 

PLS #BANÂ  #Thailandâ€™s CRUEL #Elephant #Rides..

#Baby #Elephants #Chained To Their #Mothers

#Beat #Confined In #Tiny #Spaces 

#Deprived #Food #Sleep #BEAT Until Their #Spirit is #Broken

For #Entertainment &amp; #Profit 

.@BBCNewsAsia .@pakhead

https://t.co/fMC4Z59TH5","['BAN', 'Thailand', 'Elephant', 'Rides', 'Baby', 'Elephants', 'Chained', 'Mothers', 'Beat']"
144,IndikaCIP,1695,14,"Chinese Provincial Official Expelled for Violating Crypto Mining Ban.

#Bitcoin #Mining #Ban #China â€‹#BTC #Bitcointrading #Bitcoinprice #Bitcoinnews
â€‹#investment #cryptonews #cryptotrading #altcoin #NFT

Join CCK
âœ…Group: https://t.co/TCxfYZthhv
âœ…Channel: https://t.co/7eVh8snEcC https://t.co/7IV0Jyk2sk","['Bitcoin', 'Mining', 'Ban', 'China', 'BTC', 'Bitcointrading']"
145,cryptocoinboom,23384,0,"CRYPTO NEWS:  â€˜We are at warâ€™ with crypto, says Turkish President ErdoÄŸan https://t.co/a1JmoIPT5n #altcoin #altcoinnews #ban #crypto #cryptocoin #cryptocurrencies #cryptocurrency #digital #erdogan #lira #recep #regulation #tayyip #turkey https://t.co/LYcZlukhEQ","['altcoin', 'altcoinnews', 'ban', 'crypto', 'cryptocoin', 'cryptocurrencies', 'cryptocurrency', 'digital', 'erdogan', 'lira', 'recep', 'regulation', 'tayyip', 'turkey']"
146,AnyPollApp,35705,0,Enes Kanter Says NBA Officials Threatened To Ban Him For Criticizing China... https://t.co/c31y2kSG7D #enes #kanter #says #nba #officials #threatened #to #ban #him #for #criticizing #china,"['enes', 'kanter', 'says', 'nba', 'officials', 'threatened', 'to', 'ban', 'him', 'for', 'criticizing', 'china']"
147,Pamela49986311,30649,53,Perhaps @YouTube needs an actual #PROTEST outside their doors??? @SusanWojcicki Is that what it will take for you to  #BAN ALL #BABYMONKEYTORTURE CONTENT AND #ENDTHETREND????? https://t.co/WZFFkipohG,['PROTEST']
148,alikhanak9876,6205,8,"F&amp;O #BAN 

New in Ban: 
1âƒ£ #IRCTC 

Still in Ban: 
2âƒ£ #BHEL 
3âƒ£ #BOB 
4âƒ£ #ESCORTS 
5âƒ£ #IBHSGFIN 
6âƒ£ #NATIONALUM 
7âƒ£ #PNB 
8âƒ£ #SAIL 
9âƒ£ #SUNTV 

Out of Ban:
None

@CNBC_Awaaz #AwaazMarkets #MunafeKiBaat","['BAN', 'IRCTC', 'BHEL', 'BOB', 'ESCORTS', 'IBHSGFIN', 'NATIONALUM', 'PNB']"
149,fn_manno,12,0,"I SELL A SPOOFER LIFETIME 10 $ , I SPENT A LOT OF TIME ON IT #Fortnite #hwid #spoofer #fortniteban #ban #unban 
IF IT DOESNâ€™T WORK I LL REFOUND YOU","['Fortnite', 'hwid', 'spoofer', 'fortniteban', 'ban', 'unban']"
150,IdealistAnarchy,11460,0,"...or want to #ban it or use #violence against a cartoonist.â€ â€“ Flemming Rose, â€œIâ€™m Not Willing to Sacrifice Freedom of Expression on the Alter of Cultural Diversityâ€, Interview in Reason, 5-2017","['ban', 'violence']"
151,Gopinat42802956,389,1,ğŸ”´Crypto Ban or Legal in India Latest News | Cryptocurrency Legal in Indi... https://t.co/fOM8s7Ji7Y #cryptocurrency #cryptocurrencies #cryptoban #IndiaWantsCrypto #India #Cryptos #ban #Bitcoin #xrp #Modi #RahulGandhi #finance,['cryptocurrency']
152,anindobanerjee1,13115,0,"City after city in Gujarat banning the sale of non-veg items in the open...My take on the issue and the potential repercussions nationally!...Please read...

#Ahmedabad #Gujarat #StreetFood #Ban #NonVegetarian #NeedToSpeakUp #EveryVoiceCounts

https://t.co/AYeukFhl2a","['Ahmedabad', 'Gujarat', 'StreetFood', 'Ban', 'NonVegetarian', 'NeedToSpeakUp', 'EveryVoiceCounts']"
153,sajjad512144,28,0,"Tension, depression, and other issues caused by all news channels 
@geonews_english 
@ARYNEWSOFFICIAL 
@DunyaNews and all channels so 
#ban the news channels  
#newschannels 
#ban","['ban', 'newschannels', 'ban']"
154,PriyankKhona,3010,8,"F&amp;O #BAN 

New in Ban: 
1âƒ£ #IRCTC 

Still in Ban: 
2âƒ£ #BHEL 
3âƒ£ #BOB 
4âƒ£ #ESCORTS 
5âƒ£ #IBHSGFIN 
6âƒ£ #NATIONALUM 
7âƒ£ #PNB 
8âƒ£ #SAIL 
9âƒ£ #SUNTV 

Out of Ban:
None

@CNBC_Awaaz #AwaazMarkets #MunafeKiBaat","['BAN', 'IRCTC', 'BHEL', 'BOB', 'ESCORTS', 'IBHSGFIN', 'NATIONALUM', 'PNB']"
155,deepulalwani,63019,8,"F&amp;O #BAN 

New in Ban: 
1âƒ£ #IRCTC 

Still in Ban: 
2âƒ£ #BHEL 
3âƒ£ #BOB 
4âƒ£ #ESCORTS 
5âƒ£ #IBHSGFIN 
6âƒ£ #NATIONALUM 
7âƒ£ #PNB 
8âƒ£ #SAIL 
9âƒ£ #SUNTV 

Out of Ban:
None

@CNBC_Awaaz #AwaazMarkets #MunafeKiBaat","['BAN', 'IRCTC', 'BHEL', 'BOB', 'ESCORTS', 'IBHSGFIN', 'NATIONALUM', 'PNB']"
156,CQT_channel,417,1,ğŸ”´Crypto Ban or Legal in India Latest News | Cryptocurrency Legal in Indi... https://t.co/fOM8s7Ji7Y #cryptocurrency #cryptocurrencies #cryptoban #IndiaWantsCrypto #India #Cryptos #ban #Bitcoin #xrp #Modi #RahulGandhi #finance,"['cryptocurrency', 'cryptocurrencies', 'cryptoban', 'IndiaWantsCrypto', 'India', 'Cryptos', 'ban', 'Bitcoin', 'xrp', 'Modi', 'RahulGandhi', 'finance']"
157,banstracker,3757,0,"ğŸ”¨ Twitch Affiliate KERIM_CHIK has been banned!

https://t.co/t1NvHq34PG
#ban #twitch #kerim_chik #affiliate ğŸ™ğŸ»â€â™‚ï¸","['ban', 'twitch', 'kerim_chik', 'affiliate']"
158,CNBC_Awaaz,165976,8,"F&amp;O #BAN 

New in Ban: 
1âƒ£ #IRCTC 

Still in Ban: 
2âƒ£ #BHEL 
3âƒ£ #BOB 
4âƒ£ #ESCORTS 
5âƒ£ #IBHSGFIN 
6âƒ£ #NATIONALUM 
7âƒ£ #PNB 
8âƒ£ #SAIL 
9âƒ£ #SUNTV 

Out of Ban:
None

@CNBC_Awaaz #AwaazMarkets #MunafeKiBaat","['BAN', 'IRCTC', 'BHEL', 'BOB', 'ESCORTS', 'IBHSGFIN', 'NATIONALUM', 'PNB']"
159,namannmehta,23084,8,"F&amp;O #BAN 

New in Ban: 
1âƒ£ #IRCTC 

Still in Ban: 
2âƒ£ #BHEL 
3âƒ£ #BOB 
4âƒ£ #ESCORTS 
5âƒ£ #IBHSGFIN 
6âƒ£ #NATIONALUM 
7âƒ£ #PNB 
8âƒ£ #SAIL 
9âƒ£ #SUNTV 

Out of Ban:
None

@CNBC_Awaaz #AwaazMarkets #MunafeKiBaat","['BAN', 'IRCTC', 'BHEL', 'BOB', 'ESCORTS', 'IBHSGFIN', 'NATIONALUM', 'PNB']"
160,mashru_hiren,44794,8,"F&amp;O #BAN 

New in Ban: 
1âƒ£ #IRCTC 

Still in Ban: 
2âƒ£ #BHEL 
3âƒ£ #BOB 
4âƒ£ #ESCORTS 
5âƒ£ #IBHSGFIN 
6âƒ£ #NATIONALUM 
7âƒ£ #PNB 
8âƒ£ #SAIL 
9âƒ£ #SUNTV 

Out of Ban:
None

@CNBC_Awaaz #AwaazMarkets #MunafeKiBaat","['BAN', 'IRCTC', 'BHEL', 'BOB', 'ESCORTS', 'IBHSGFIN', 'NATIONALUM', 'PNB']"
161,AshVerma111,31853,8,"F&amp;O #BAN 

New in Ban: 
1âƒ£ #IRCTC 

Still in Ban: 
2âƒ£ #BHEL 
3âƒ£ #BOB 
4âƒ£ #ESCORTS 
5âƒ£ #IBHSGFIN 
6âƒ£ #NATIONALUM 
7âƒ£ #PNB 
8âƒ£ #SAIL 
9âƒ£ #SUNTV 

Out of Ban:
None

@CNBC_Awaaz #AwaazMarkets #MunafeKiBaat","['BAN', 'IRCTC', 'BHEL', 'BOB', 'ESCORTS', 'IBHSGFIN', 'NATIONALUM', 'PNB', 'SAIL', 'SUNTV', 'AwaazMarkets', 'MunafeKiBaat']"
162,omniblogng,7628,0,"Pls Follow omniblogng on twitter #Anglican #Ban #Bishop #christians #Communion #Holy #pastor039s #PVCs #Receiving #tells...
https://t.co/0wQfwGe0KN","['Anglican', 'Ban', 'Bishop', 'christians', 'Communion', 'Holy', 'pastor039s', 'PVCs', 'Receiving', 'tells']"
163,Kuldeep9Sharma,84093,0,"@MrrMukherjee What form of governance do 
@narendramodi
 and 
@ArvindKejriwal
 know, except for #lockdown and #ban?

Bad air, close schools or impose #oddEven. But they will not do anything to improve #AQI. They will not take steps to curb #StubbleBurning.

Next, #Pooja to appease #Vayu!","['lockdown', 'ban', 'oddEven', 'AQI', 'StubbleBurning', 'Pooja', 'Vayu']"
164,Kuldeep9Sharma,84093,0,"@JagranEnglish What form of governance do 
@narendramodi
 and 
@ArvindKejriwal
 know, except for #lockdown and #ban?

Bad air, close schools or impose #oddEven. But they will not do anything to improve #AQI. They will not take steps to curb #StubbleBurning.

Next, #Pooja to appease #Vayu!","['lockdown', 'ban', 'oddEven', 'AQI', 'StubbleBurning', 'Pooja', 'Vayu']"
165,Kuldeep9Sharma,84093,1,"What form of governance do @narendramodi and @ArvindKejriwal know, except for #lockdown and #ban?

Bad air, close schools or impose #oddEven. But they will not do anything to improve #AQI. They will not take steps to curb #StubbleBurning.

Next, #Pooja to appease #Vayu!","['lockdown', 'ban', 'oddEven', 'AQI', 'StubbleBurning', 'Pooja', 'Vayu']"
166,WitchyBella_,37,1,"Trolls are unavoidable ğŸ™„ however why not ban them with the power of the moon or the sass of Harley Quinn ? ğŸ˜
Both emotes are available from my Etsy store! ğŸ‘‡ğŸ¼

https://t.co/pa6MPj23ca

#twitch #emotes #ban #sailormoon #harleyquinn #streaming #streamer #twitchemotes https://t.co/wpFsy6Hj8K","['twitch', 'emotes', 'ban', 'sailormoon', 'harleyquinn', 'streaming', 'streamer', 'twitchemotes']"
167,JoanEarls4,84129,15,"@MaryJoe38642126 @Pontifex_it @Pontifex_de #SouthKorea, you should think about stopping #torturing #animals and better implement #laws for their #protection and #welfare. Your #slaughterhouses are the dirtiest #places in the #world, they are a matter of #publichealth. #Ban #Boknal, is #hell. https://t.co/1sti2gSMhm","['SouthKorea', 'torturing', 'animals']"
168,JoanEarls4,84129,18,"@MaryJoe38642126 @moonriver365 @TheBlueHouseENG @TheBlueHouseKR #SouthKorea, you should think about stopping #torturing #animals and better implement #laws for their #protection and #welfare. Your #slaughterhouses are the dirtiest #places in the #world, they are a matter of #publichealth. #Ban #Boknal, is #hell. https://t.co/MUR2mMV6SR","['SouthKorea', 'torturing']"
169,Truth_triumphss,454,0,@ARanganathan72 Similar to Holi too! #ban,['ban']
170,JohnnyWarmerdam,343,0,#indian #Govt wont #ban #cryptocurrency ! But will look at #regulation.. Great news.. ! #WazirX #Adoption,"['indian', 'Govt', 'ban', 'cryptocurrency', 'regulation', 'WazirX', 'Adoption']"
171,urstrulychetan3,3944,321,"Chennai is @urstrulyMahesh's ""special city"" for the love they have shown for all his films. #Okkadu was a sensation in Chennai before it was removed once the Tamil remake rights were bought. #BAN achieved opening records for a Telugu film in Chennai and so he is very thankful â¤ https://t.co/oXT4Rkn1Sc",['Okkadu']
172,JoanEarls4,84129,14,"@SchmitterCecile @EmmanuelMacron @J_Denormandie @barbarapompili This #abominable #practice must end, no #livingbeing must be subjected to it, how would you feel in the place of the #prey?

#Ban #Hunting With #Hounds","['abominable', 'practice', 'livingbeing']"
173,benke_pa,997,0,#Ban Shoeb Jamai from TV Debate,['Ban']
174,cryptoo_Tips,160,1,"Committee want to regulate #Crypto not #ban
#IndiaWantsBitcoin 
#IndiaWantsCrypto https://t.co/DACcWmRJrf","['Crypto', 'ban', 'IndiaWantsBitcoin', 'IndiaWantsCrypto']"
175,cryptoo_Tips,160,1,"Committee want to regulate #Crypto not #ban
#IndiaWantsBitcoin 
#IndiaWantsCrypto https://t.co/DACcWmRJrf","['Crypto', 'ban', 'IndiaWantsBitcoin', 'IndiaWantsCrypto']"
176,Pavansreevatsa,7,0,@SheshDeshpande @ZeeKannada @gvaroon @sameer_mariner #ban saregamapa watching,['ban']
177,Mahesh_chary9,42506,321,"Chennai is @urstrulyMahesh's ""special city"" for the love they have shown for all his films. #Okkadu was a sensation in Chennai before it was removed once the Tamil remake rights were bought. #BAN achieved opening records for a Telugu film in Chennai and so he is very thankful â¤ https://t.co/oXT4Rkn1Sc",['Okkadu']
178,aagazzcreation,690,0,"Good News #Crypto Is No #Ban In #India But Regulate Soon
#cryptocurrecy #cryptobaninindia https://t.co/vzoUe23gIm","['Crypto', 'Ban', 'India', 'cryptocurrecy', 'cryptobaninindia']"
179,Justaxs14p7,22,14,"Chinese Provincial Official Expelled for Violating Crypto Mining Ban.

#Bitcoin #Mining #Ban #China â€‹#BTC #Bitcointrading #Bitcoinprice #Bitcoinnews
â€‹#investment #cryptonews #cryptotrading #altcoin #NFT

Join CCK
âœ…Group: https://t.co/TCxfYZthhv
âœ…Channel: https://t.co/7eVh8snEcC https://t.co/7IV0Jyk2sk","['Bitcoin', 'Mining', 'Ban', 'China', 'BTC', 'Bitcointrading']"
180,AltezJason,353,31,"Top 10 #MEME Coins by Market Cap!

#DOGE #SHIB #MONA #MONSTA #PEPECASH #WOW #BAN #PIT #FREN #BASED #btc #ElonMusk @elonmusk  @FrenchieToken  @johndspicer @BillyM2k @cz_binance @Doc_and_Stocks https://t.co/FGG4TguVan","['MEME', 'DOGE', 'SHIB', 'MONA', 'MONSTA', 'PEPECASH', 'WOW', 'BAN', 'PIT', 'FREN', 'BASED', 'btc', 'ElonMusk']"
181,_saibharat,195538,298,"Nizam Release Theatres Count :

1. #Dookudu - 208 (Record)
2. #BM - 280 (Record) 
3. #SVSC - 250+ 
4. #1N - 351 (Record)
5. #Aagadu - 298
6. #Srimanthudu - 331
7. #Brahmotsavam - 347
8. #Spyder - 330
9. #BAN - 300+
10. #Maharshi - 350+
11. #SLN - 323","['Dookudu', 'BM', 'SVSC', '1N']"
182,0000_ajay1,33,1586,"Telugu biggie #BharatAneNenu sets Australia BO on ğŸ”¥ğŸ”¥ğŸ”¥... WHAT.A.START... Mahesh Babu proves his stamina and star pull, while #BharatAneNenu proves its mettle at the ticket window...
Fri A$ 168,194 [â‚¹ 85.45 lakhs] / 35 locations
Well begun is half doneâ€¦ #BAN
@Rentrak",['BharatAneNenu']
183,gyozagasuki08,2571,0,Check out Super Rare Bandai Yasashii Tamagotchi Yellow #Ban https://t.co/2UiopOdKdO via @eBay #Tamagotchi,"['Ban', 'Tamagotchi']"
184,cuerlson,11465,1,"Well, Twitter is going to have to #BAN me because I will be posting this on the regular! 
#RemoveThePrimeMinister 
#WeWantCanadaBack 
#CanadaCorruption https://t.co/43q6OwnBbG","['BAN', 'RemoveThePrimeMinister']"
185,891maxfm,44976,0,Overnight #Parking Restrictions Begin In #Orillia https://t.co/n3vA5Szdgr #winter #ban,"['Parking', 'Orillia', 'winter', 'ban']"
186,abhhimanyus,3025,2,"SC suggests lockdown, #WFH, #ban on #construction; slams govts for rising #airpollution levels
@abhhimanyus 
https://t.co/IHrsdF5rH6","['WFH', 'ban', 'construction', 'airpollution']"
187,Mahesh__Love,86784,298,"Nizam Release Theatres Count :

1. #Dookudu - 208 (Record)
2. #BM - 280 (Record) 
3. #SVSC - 250+ 
4. #1N - 351 (Record)
5. #Aagadu - 298
6. #Srimanthudu - 331
7. #Brahmotsavam - 347
8. #Spyder - 330
9. #BAN - 300+
10. #Maharshi - 350+
11. #SLN - 323","['Dookudu', 'BM', 'SVSC', '1N']"
188,Mahesh_chary9,42506,298,"Nizam Release Theatres Count :

1. #Dookudu - 208 (Record)
2. #BM - 280 (Record) 
3. #SVSC - 250+ 
4. #1N - 351 (Record)
5. #Aagadu - 298
6. #Srimanthudu - 331
7. #Brahmotsavam - 347
8. #Spyder - 330
9. #BAN - 300+
10. #Maharshi - 350+
11. #SLN - 323","['Dookudu', 'BM', 'SVSC', '1N']"
189,girlzprepreport,57575,0,"One of my classmates always plays these dumb games that gives insight about you, sometimes they're on point, this one of those times. So when I use #PMF #BAN #PAN or a variety of other acronyms to stay somewhat politically correct,  I have my reasons https://t.co/LWVUULErEZ","['PMF', 'BAN', 'PAN']"
190,Priyatham09,48681,298,"Nizam Release Theatres Count :

1. #Dookudu - 208 (Record)
2. #BM - 280 (Record) 
3. #SVSC - 250+ 
4. #1N - 351 (Record)
5. #Aagadu - 298
6. #Srimanthudu - 331
7. #Brahmotsavam - 347
8. #Spyder - 330
9. #BAN - 300+
10. #Maharshi - 350+
11. #SLN - 323","['Dookudu', 'BM', 'SVSC', '1N']"
191,superteamup,9915,1,"HRSOFTBD develops software in a Multi-Language system. In any language, you can operate it, especially English and Bangla.

Contact Us -
Website: https://t.co/SMH9TZdOgX
Phone:+8801722158130,+8801709372481

#hrsoftbd #softwaredevelopment #softsolution #multilanguage #english #ban https://t.co/kuJm48ao2n",[]
192,HRSOFTBD2,1403,1,"HRSOFTBD develops software in a Multi-Language system. In any language, you can operate it, especially English and Bangla.

Contact Us -
Website: https://t.co/SMH9TZdOgX
Phone:+8801722158130,+8801709372481

#hrsoftbd #softwaredevelopment #softsolution #multilanguage #english #ban https://t.co/kuJm48ao2n","['hrsoftbd', 'softwaredevelopment', 'softsolution', 'multilanguage', 'english', 'ban']"
193,HRSOFTBD2,1403,0,"HRSOFTBD offers Prescribe software solutions for mobile apps and desktop systems.

Contact Us -
Website: https://t.co/SMH9TZdOgX
Phone: +8801722158130, +8801709372481

#hrsoftbd #softwarecompany #ban #softwaredevelopmentcompany #websites #websitedesigningcompany #prescriptions https://t.co/zdSPs0oGpP","['hrsoftbd', 'softwarecompany', 'ban', 'softwaredevelopmentcompany', 'websites', 'websitedesigningcompany', 'prescriptions']"
194,HRSOFTBD2,1403,0,"HRSOFTBD develops the online education system with hundred percent client satisfaction and lifetime service.

Contact Us- 
Article Link: https://t.co/bTKavmM44O 
Website: https://t.co/SMH9TZdOgX
Phone: +8801722158130,+8801709372481

#hrsoftbd #software #online_education #bd #ban https://t.co/n1iqKbHH4Y","['hrsoftbd', 'software', 'online_education', 'bd', 'ban']"
195,HRSOFTBD2,1403,0,"HRSOFTBD Provides the Best E-education system in Bangladesh.

Contact Us-
Website: https://t.co/SMH9TZdOgX
Phone: +8801722158130, +8801709372481

#hrsoftbd #e_education #e_education_system #e_education_management #Bangladesh #ban https://t.co/nmo9EaljSQ","['hrsoftbd', 'e_education', 'e_education_system', 'e_education_management', 'Bangladesh', 'ban']"
196,HRSOFTBD2,1403,0,"HRSOFTBD Develops the best E-commerce Website. There is a lot of Software Company, but HRSOFTBD is best for them.

Contact Us-
Article Link:https://t.co/K27BG3OFo4
Website:https://t.co/SMH9TZdOgX
Phone:+8801722158130,+8801709372481

#hrsoftbd #website #software #ecommerce #BAN https://t.co/lBajf6HeIp","['hrsoftbd', 'website', 'software', 'ecommerce', 'BAN']"
197,ETNOWlive,516529,2,"SC suggests lockdown, #WFH, #ban on #construction; slams govts for rising #airpollution levels
@abhhimanyus 
https://t.co/IHrsdF5rH6","['WFH', 'ban', 'construction', 'airpollution']"
198,HRSOFTBD2,1403,0,"HRSOFTBD Develops the best E-commerce Website. There is a lot of Software Company, but HRSOFTBD is best for them.

Contact Us-
Article Link:https://t.co/K27BG3OFo4
Website:https://t.co/SMH9TZdOgX
Phone:+8801722158130,+8801709372481

#hrsoftbd #website #software #ecommerce #BAN https://t.co/4zqUfWQc5s","['hrsoftbd', 'website', 'software', 'ecommerce', 'BAN']"
199,society_player,4619,0,"#Sebi #NSE please delete from F&amp;O stock list ..these stocks are common on #BAN list for every month 
+ BANK OF BARODA
++BHARAT HEAVY ELECTRICALS
+ ESCORTS
+ INDIABULLS HOUSING FINANCE
+ NATIONAL ALUMINIUM CO
+PUNJAB NATIONAL BANK
+ STEEL AUTHORITY OF INDIA
+ SUN TV NETWORK","['Sebi', 'NSE', 'BAN']"
